Player,Team,Season,Position,Minutes,Dribbling,Fouling,Interrupting,Passing,Receiving,Shooting,Goals_Added,player_id
Riqui Puig,LAG,2024,CM,2874,3.0,0.68,-0.71,3.58,-0.12,1.63,8.06,10
Christian Benteke,DCU,2024,ST,2958,0.11,-0.09,-0.41,0.64,4.96,0.91,6.13,9
Cucho Hernández,CLB,2024,ST,2369,1.75,-0.2,0.31,2.49,0.12,1.47,5.94,25
Dénis Bouanga,LAFC,2024,W,3074,0.65,1.02,0.31,-0.11,2.23,1.79,5.9,18
Gabriel Pec,LAG,2024,W,3061,3.13,-0.23,-0.42,0.05,1.45,1.76,5.75,31
Lionel Messi,MIA,2024,W,1690,1.24,0.18,-0.37,1.92,0.87,1.63,5.47,1
Luciano Acosta,CIN,2024,AM,3068,3.13,0.02,0.45,1.68,-0.38,0.36,5.27,13
Federico Bernardeschi,TOR,2024,FB,2765,2.69,0.41,-0.03,-0.27,0.66,1.61,5.07,5
Luca Orellano,CIN,2024,FB,2905,2.3,-0.11,-0.16,-0.15,0.84,1.37,4.09,755
Jonathan Rodríguez,POR,2024,W,2723,0.39,0.03,-0.45,-0.29,2.73,1.27,3.68,29
Jordan Morris,SEA,2024,ST,3084,1.15,0.3,-0.67,-0.4,2.92,0.1,3.41,54
Evander,POR,2024,AM,2780,-0.28,0.13,-0.14,2.61,0.35,0.71,3.38,33
Kai Wagner,PHI,2024,FB,3290,-0.22,0.57,0.71,2.31,-0.19,-0.01,3.17,114
Saba Lobjanidze,ATL,2024,W,2728,0.67,0.17,-0.0,-0.99,2.27,1.02,3.14,125
Felipe Mora,POR,2024,ST,2109,0.76,0.5,-0.41,-0.85,2.38,0.61,3.0,73
Andrés Gómez,RSL,2024,W,2018,0.57,-0.13,-0.11,0.69,0.92,1.04,2.98,909
Robin Lod,MIN,2024,CM,2669,0.11,-0.07,0.47,3.06,-0.6,-0.02,2.94,59
William Agada,SKC,2024,ST,1947,-1.02,-0.25,0.2,-0.68,3.66,0.97,2.87,300
Santiago Rodríguez,NYC,2024,AM,3172,0.18,0.2,-0.04,2.34,-0.2,0.34,2.83,85
Cristian Olivera,LAFC,2024,W,1866,0.32,-0.2,0.32,-0.36,1.83,0.78,2.69,222
Aaron Herrera,DCU,2024,FB,2982,0.22,0.1,0.85,1.37,-0.01,0.09,2.62,155
Thiago Almada,ATL,2024,AM,1580,0.82,0.01,0.17,1.55,-0.4,0.45,2.59,915
Luis Suárez,MIA,2024,ST,2165,0.03,-0.14,-0.33,0.29,1.41,1.11,2.37,70
Timothy Tillman,LAFC,2024,CM,2768,0.15,0.33,1.31,1.04,-0.52,0.02,2.33,244
Jack Elliott,PHI,2024,CB,2695,-0.03,-0.3,2.06,0.44,-0.02,0.16,2.31,144
Patrick Agyemang,CLT,2024,ST,2070,0.87,0.12,0.02,0.45,0.54,0.29,2.28,875
Walker Zimmerman,NSH,2024,CB,2155,0.4,0.43,1.35,0.0,-0.0,-0.0,2.17,21
Joseph Rosales,MIN,2024,FB,2680,0.3,-0.02,0.96,0.29,0.22,0.4,2.14,572
Cristian Arango,RSL,2024,ST,2571,0.14,-0.29,0.39,0.45,0.66,0.71,2.06,43
Cole Bassett,COL,2024,DM,2896,0.8,-0.02,-0.93,0.53,0.89,0.79,2.06,154
Maya Yoshida,LAG,2024,CB,3440,-0.18,0.58,0.3,1.03,0.08,0.18,1.99,145
Lewis Morgan,NYRB,2024,ST,2717,0.7,0.5,-0.63,1.68,-0.97,0.7,1.97,78
Héctor Herrera,HOU,2024,DM,1807,0.5,0.06,-0.53,1.34,0.36,0.2,1.93,7
Ryan Hollingshead,LAFC,2024,FB,2473,-0.29,-0.01,1.43,0.13,0.46,0.18,1.91,242
Gabriele Corbo,MTL,2024,CB,1980,0.35,0.06,1.39,0.58,-0.43,-0.08,1.88,511
Tani Oluwaseyi,MIN,2024,ST,1262,-0.34,-0.14,-0.14,0.45,1.78,0.27,1.88,753
Carles Gil,NER,2024,AM,2566,1.5,-0.28,0.09,2.29,-1.44,-0.37,1.79,11
Andrew Privett,CLT,2024,CB,3044,0.28,0.29,1.42,0.2,-0.3,-0.2,1.7,873
Rafael Czichos,CHI,2024,CB,2685,0.17,0.43,0.54,0.4,0.15,0.01,1.69,84
Mark Delgado,LAG,2024,CM,2759,0.34,0.02,0.91,1.1,-0.35,-0.37,1.65,149
Brayan Vera,RSL,2024,CB,2388,0.21,0.17,1.2,0.47,-0.49,0.1,1.65,291
Tim Ream,CLT,2024,FB,883,0.07,0.08,0.98,0.37,0.08,0.01,1.58,265
Cameron Harper,NYRB,2024,W,1588,1.12,0.19,-0.37,0.14,0.12,0.37,1.56,416
Julián Carranza,PHI,2024,ST,1224,-0.48,-0.09,0.24,0.15,1.34,0.4,1.56,937
Sergio Busquets,MIA,2024,DM,2834,-0.41,-0.11,1.34,1.52,-0.39,-0.4,1.55,3
Eduard Löwen,STL,2024,DM,2106,0.29,0.19,-0.25,1.28,-0.36,0.41,1.55,82
Sam Surridge,NSH,2024,ST,2671,1.47,-0.19,-0.0,-0.38,0.27,0.36,1.54,24
Alonso Martínez,NYC,2024,ST,1668,-0.43,-0.26,0.59,-0.34,1.48,0.47,1.51,438
Santiago Moreno,POR,2024,W,2738,-0.5,-0.1,0.37,1.73,0.15,-0.14,1.49,253
Miles Robinson,CIN,2024,CB,2529,0.32,0.04,0.34,1.0,-0.16,-0.06,1.47,62
Fafa Picault,VAN,2024,W,1879,-0.2,0.25,0.17,-0.58,1.41,0.4,1.44,230
Jordi Alba,MIA,2024,FB,2558,-0.23,0.06,-0.06,0.69,0.97,-0.0,1.43,69
Djordje Mihailovic,COL,2024,AM,2778,-0.24,0.42,-0.04,1.18,0.25,-0.15,1.42,56
Julio Cascante,ATX,2024,CB,2105,0.0,0.03,0.81,-0.21,0.8,-0.01,1.42,176
Nathan Harriel,PHI,2024,FB,2698,-0.18,0.75,0.06,-0.08,0.64,0.23,1.42,482
Hannes Wolf,NYC,2024,W,2842,0.6,0.05,-0.01,0.36,0.5,-0.08,1.42,68
Brian White,VAN,2024,ST,2709,-1.11,-0.31,0.36,-0.45,2.97,-0.04,1.41,182
Joel Waterman,MTL,2024,CB,2391,0.21,-0.08,1.31,0.6,-0.46,-0.18,1.4,396
Justen Glad,RSL,2024,CB,2574,-0.02,0.21,1.23,0.14,-0.09,-0.06,1.4,86
Ryan Gauld,VAN,2024,W,2724,0.01,-0.28,0.84,1.73,-0.64,-0.26,1.4,23
Kévin Cabral,COL,2024,W,1463,-0.07,0.42,-0.36,-0.53,1.62,0.32,1.39,46
Cristian Roldan,SEA,2024,DM,3174,-0.11,0.06,0.97,0.54,0.08,-0.17,1.38,64
Christian Ramírez,CLB,2024,AM,1582,-0.38,-0.16,-0.08,0.09,1.46,0.43,1.36,318
Erik Thommy,SKC,2024,CM,2576,0.75,0.7,-0.28,-0.92,0.13,0.97,1.35,104
Liel Abada,CLT,2024,W,1799,0.4,-0.11,-0.15,0.43,0.23,0.53,1.33,32
João Klauss,STL,2024,ST,2186,-0.09,0.05,0.1,0.02,0.88,0.34,1.29,79
Edwin Mosquera,ATL,2024,W,771,1.25,0.08,-0.07,-0.1,0.05,0.08,1.29,356
Georgios Koutsias,CHI,2024,ST,1018,1.19,0.17,-0.07,-0.45,0.3,0.13,1.27,336
Gastón Brugman,LAG,2024,DM,1385,0.14,-0.27,0.92,0.64,-0.15,-0.01,1.27,77
Jake Davis,SKC,2024,FB,2476,-0.26,0.04,1.67,0.14,-0.28,-0.08,1.24,601
Jakob Glesnes,PHI,2024,CB,3182,0.05,0.29,0.35,0.8,-0.29,0.04,1.24,100
Hany Mukhtar,NSH,2024,AM,3074,0.13,0.25,-0.18,0.39,-0.13,0.77,1.23,8
Eduard Atuesta,LAFC,2024,CM,2430,-0.1,-0.13,-0.16,1.41,0.07,0.14,1.23,212
Stian Gregersen,ATL,2024,CB,1987,0.31,0.05,0.51,0.04,0.17,0.15,1.23,101
Nökkvi Thórisson,STL,2024,W,1419,-0.36,-0.43,-0.4,0.09,1.77,0.55,1.22,516
Tai Baribo,PHI,2024,ST,1587,-0.34,-0.15,0.03,-0.44,1.65,0.45,1.2,178
Ramiro Enrique,ORL,2024,ST,1229,0.56,-0.06,0.38,-0.5,0.54,0.28,1.19,380
Jack McGlynn,PHI,2024,CM,2613,0.37,0.05,-0.11,1.24,-0.68,0.29,1.16,500
Robin Jansson,ORL,2024,CB,3044,-0.0,0.32,0.69,0.74,-0.39,-0.21,1.14,130
Carlos Akapo,SJE,2024,FB,1781,0.17,0.11,0.53,0.04,0.24,0.06,1.14,262
Sebastian Lletget,FCD,2024,CM,2094,-0.27,-0.14,0.53,0.51,0.72,-0.23,1.12,157
Brooks Lennon,ATL,2024,FB,3357,0.39,-0.08,0.86,-0.26,0.42,-0.23,1.11,188
Alhassan Yusuf,NER,2024,DM,486,0.14,0.04,0.27,0.52,0.0,0.13,1.1,143
Carlos Terán,CHI,2024,CB,1373,-0.14,0.07,0.5,0.49,0.12,0.06,1.1,248
Adilson Malanda,CLT,2024,CB,3271,0.37,0.02,0.5,0.83,-0.47,-0.19,1.06,415
Iuri Tavares,CLT,2024,W,1082,-0.34,0.19,0.16,0.33,0.62,0.09,1.06,642
Anderson Julio,RSL,2024,ST,1596,0.28,0.01,0.44,-1.19,1.21,0.29,1.03,162
Elias Manoel,NYRB,2024,ST,1771,-0.42,0.32,-0.38,-0.37,1.6,0.28,1.02,278
Matías Cóccaro,MTL,2024,ST,1032,0.67,0.39,0.19,-0.38,0.12,0.01,1.0,146
Tanner Beason,SJE,2024,CB,1857,-0.37,0.1,1.8,-0.15,-0.18,-0.21,0.98,456
Darren Yapi,COL,2024,ST,939,0.52,0.5,0.16,-0.12,0.17,-0.26,0.97,648
Dylan Nealis,NYRB,2024,FB,2659,0.07,0.13,-0.09,0.14,0.51,0.18,0.95,477
Michael Boxall,MIN,2024,CB,3215,-0.16,0.36,1.76,-1.12,0.17,-0.09,0.93,191
Nkosi Tafari,FCD,2024,CB,2573,-0.25,0.04,0.57,0.19,0.13,0.23,0.91,424
Claudio Bravo,POR,2024,FB,1787,0.34,-0.25,0.48,0.57,-0.29,0.05,0.91,399
David Martínez,LAFC,2024,W,540,0.45,-0.05,-0.09,0.23,-0.06,0.41,0.89,314
Tim Parker,"NER, STL",2024,CB,2481,0.04,0.22,-0.27,0.74,0.08,0.08,0.89,112
Aidan Morris,CLB,2024,CM,1456,0.17,0.33,0.66,0.02,-0.36,0.07,0.89,991
Steven Moreira,CLB,2024,CB,2430,-0.08,0.17,0.54,0.42,-0.07,-0.09,0.88,147
Connor Ronan,COL,2024,DM,2030,0.2,0.02,-0.07,1.51,-0.49,-0.29,0.87,299
Yevhen Cheberko,CLB,2024,CB,1930,0.09,0.1,-0.11,0.94,-0.08,-0.07,0.87,280
Damion Lowe,PHI,2024,CB,1100,-0.08,0.05,0.51,0.01,0.31,0.05,0.85,995
Alejandro Bedoya,PHI,2024,CM,1677,-0.25,-0.07,0.4,0.6,0.17,-0.02,0.83,387
Pedro Amador,ATL,2024,FB,915,0.15,0.09,0.36,0.31,-0.09,0.0,0.83,496
Diego Gómez,MIA,2024,W,1512,0.02,-0.13,0.24,0.36,0.28,0.04,0.81,310
Hassani Dotson,MIN,2024,CM,2520,0.11,0.34,-0.11,0.48,-0.29,0.26,0.79,276
Rafael Navarro,COL,2024,ST,3063,1.66,0.51,0.22,-0.84,-0.87,0.11,0.79,74
Mikael Uhre,PHI,2024,ST,2255,0.73,-0.23,-0.0,-0.26,0.56,-0.01,0.78,44
Tomas Totland,STL,2024,FB,2809,-0.03,0.11,0.22,-0.07,0.54,0.01,0.78,444
Carlos Harvey,MIN,2024,CB,1188,0.01,0.15,0.82,-0.01,-0.2,-0.0,0.77,786
Andreu Fontàs,SKC,2024,CB,1576,0.06,0.17,-0.08,1.02,-0.25,-0.15,0.76,345
Karol Swiderski,CLT,2024,ST,576,-0.06,-0.01,0.15,0.34,-0.02,0.35,0.76,35
Brent Kallman,NSH,2024,CB,631,-0.1,0.03,0.61,-0.05,0.14,0.13,0.76,727
Luis Muriel,ORL,2024,ST,1819,-0.09,0.08,0.15,1.83,-1.02,-0.19,0.76,12
Petar Musa,FCD,2024,ST,2566,-0.85,0.22,0.56,0.95,-0.43,0.31,0.75,36
Jamal Thiaré,ATL,2024,ST,1311,0.44,0.37,0.23,-1.36,1.28,-0.21,0.75,263
Joseph Paintsil,LAG,2024,W,2546,-0.59,0.35,-0.29,-1.06,1.79,0.55,0.74,14
Alvas Powell,CIN,2024,CB,908,0.31,0.21,0.22,-0.1,0.03,0.07,0.74,461
Georgios Giakoumakis,ATL,2024,ST,807,-0.14,0.42,-0.0,-0.17,0.29,0.35,0.73,1012
Leo Afonso,MIA,2024,W,326,0.53,0.23,0.08,-0.33,0.2,0.02,0.73,863
Kervin Arriaga,MIN,2024,CB,1011,-0.15,0.07,0.45,0.11,0.02,0.22,0.71,1014
Kipp Keller,CIN,2024,CB,945,0.11,0.11,0.37,-0.08,0.17,0.01,0.69,734
Bongokuhle Hlongwane,MIN,2024,W,2144,-0.4,-0.21,0.03,-0.78,1.51,0.54,0.69,239
Mathías Laborda,VAN,2024,CB,2166,-0.28,-0.1,0.29,-0.08,0.53,0.32,0.69,131
Yamil Asad,CIN,2024,FB,975,0.13,0.11,-0.09,0.02,0.23,0.28,0.69,736
Alex Roldan,SEA,2024,FB,2542,-0.28,0.14,0.92,-0.19,0.02,0.06,0.68,339
Benjamin Cremaschi,MIA,2024,CM,1294,0.13,0.0,0.28,-0.52,0.55,0.21,0.66,517
Garrison Tubbs,DCU,2024,CB,655,0.02,0.22,0.42,-0.27,0.29,-0.03,0.65,889
Agustín Ojeda,NYC,2024,W,1103,0.28,-0.08,0.01,-0.19,0.44,0.19,0.65,287
Paul Rothrock,SEA,2024,W,1476,0.18,0.38,-0.01,-0.49,0.35,0.23,0.64,715
Sam Adeniran,"PHI, STL",2024,ST,873,0.05,-0.14,-0.07,0.13,0.53,0.15,0.64,687
Ali Ahmed,VAN,2024,FB,1519,0.8,-0.03,0.15,-0.56,0.19,0.08,0.64,621
Malachi Jones,NYC,2024,W,579,0.28,0.04,0.07,-0.28,0.43,0.1,0.63,827
Jacob Murrell,DCU,2024,ST,1113,-0.17,-0.07,-0.16,0.03,0.7,0.3,0.63,826
Sergi Palencia,LAFC,2024,FB,2563,-0.03,0.02,0.41,0.55,-0.12,-0.22,0.61,275
Daniel Lovitz,NSH,2024,FB,2545,-0.21,0.2,0.83,0.47,-0.41,-0.29,0.59,268
Erik Sviatchenko,HOU,2024,CB,2713,-0.21,0.26,-0.12,-0.48,0.57,0.56,0.59,161
Sebastián Driussi,ATX,2024,AM,2549,-0.5,0.33,-0.09,0.41,0.23,0.21,0.58,4
Noah Eile,NYRB,2024,CB,2739,-0.05,-0.1,-0.01,0.8,-0.01,-0.06,0.58,332
Amahl Pellegrino,SJE,2024,W,1903,-0.56,-0.28,-0.0,-0.47,1.42,0.44,0.56,135
Chris Mueller,CHI,2024,W,1520,0.86,0.11,-0.43,-0.08,0.15,-0.04,0.56,200
Célio Pompeu,STL,2024,W,1404,0.51,-0.1,0.15,0.6,-0.52,-0.07,0.56,522
Asier Illarramendi,FCD,2024,CM,2200,-0.22,-0.33,0.94,0.51,-0.45,0.1,0.56,285
Ethan Bartlow,HOU,2024,CB,975,0.18,0.04,0.66,0.12,-0.33,-0.13,0.54,492
Josh Yaro,STL,2024,CB,915,-0.12,0.09,0.63,-0.11,0.09,-0.04,0.54,622
George Campbell,MTL,2024,CB,2462,0.16,0.05,0.07,0.82,-0.32,-0.26,0.53,352
Marcelo Weigandt,MIA,2024,FB,2268,-0.15,-0.2,0.84,-0.16,0.21,-0.02,0.53,395
Yeimar Gómez Andrade,SEA,2024,CB,2769,0.09,0.14,0.45,-0.16,-0.12,0.11,0.51,159
Andrés Perea,NYC,2024,DM,1446,-0.2,0.28,-0.33,-0.36,1.03,0.08,0.5,243
Josef Martínez,MTL,2024,ST,1528,-0.57,-0.19,-0.2,-0.34,1.42,0.37,0.5,89
Jesús Bueno,PHI,2024,CM,738,-0.03,0.03,0.14,-0.3,0.47,0.19,0.49,446
Cory Burke,NYRB,2024,ST,404,-0.38,-0.05,-0.02,0.22,0.68,0.03,0.49,271
Ranko Veselinović,VAN,2024,CB,3092,0.09,0.07,0.81,-0.4,-0.02,-0.08,0.47,214
Michael Edwards,COL,2024,CB,236,-0.03,0.03,0.12,-0.05,0.33,0.04,0.44,580
Lassi Lappalainen,MTL,2024,FB,395,0.13,0.01,0.16,0.02,-0.04,0.15,0.43,183
Sergii Kryvtsov,MIA,2024,CB,1572,0.2,0.13,0.34,-0.04,-0.17,-0.04,0.42,164
Wilder Cartagena,ORL,2024,DM,2499,0.43,-0.03,-0.35,0.76,-0.36,-0.03,0.42,302
Jack Maher,NSH,2024,CB,2721,0.02,-0.28,0.75,0.12,-0.02,-0.19,0.41,169
Amine Bassi,HOU,2024,AM,2788,0.73,0.04,-0.23,0.08,-0.16,-0.05,0.4,254
Danny Musovski,SEA,2024,ST,656,0.13,-0.07,-0.16,0.13,0.35,0.01,0.4,388
Nacho Gil,NER,2024,W,737,0.01,-0.08,0.18,0.11,0.18,-0.01,0.39,366
Facundo Torres,ORL,2024,W,2951,-0.78,0.13,-0.59,-0.0,1.31,0.32,0.38,49
John Klein,STL,2024,W,630,-0.07,-0.03,0.1,-0.07,0.34,0.11,0.38,730
Kamal Miller,POR,2024,CB,2229,-0.65,-0.01,1.27,0.14,-0.18,-0.19,0.38,177
Derrick Williams,ATL,2024,CB,2543,0.43,-0.09,-0.01,-0.3,0.26,0.08,0.37,350
Pedro Vite,VAN,2024,CM,2233,-0.16,-0.06,0.75,0.37,-0.56,0.01,0.37,229
Robert Castellanos,SKC,2024,CB,1166,-0.07,0.11,-0.06,-0.0,0.3,0.08,0.37,606
Moïse Bombito,COL,2024,CB,1762,-0.73,0.09,0.72,0.13,0.0,0.16,0.36,1061
Lawrence Ennali,HOU,2024,W,53,0.32,-0.01,-0.02,-0.01,0.03,0.05,0.36,297
Georgi Minoungou,SEA,2024,W,424,0.45,-0.04,-0.02,-0.04,0.02,-0.0,0.36,711
Philip Quinton,"CLB, RSL",2024,CB,1507,-0.21,0.13,0.74,-0.17,-0.2,0.06,0.36,707
Déiber Caicedo,VAN,2024,W,154,0.03,0.01,-0.06,-0.09,0.27,0.19,0.36,400
Luis Abram,ATL,2024,CB,1308,-0.03,0.1,0.32,0.12,-0.17,0.01,0.35,150
Max Arfsten,CLB,2024,FB,2184,0.86,0.13,-0.21,-1.8,0.76,0.61,0.35,700
Javain Brown,"VAN, RSL",2024,CB,1463,0.02,-0.17,0.5,-0.05,-0.06,0.11,0.34,507
Shaq Moore,NSH,2024,FB,1883,-0.21,0.4,-0.11,-0.14,0.21,0.18,0.34,148
Tyrese Spicer,TOR,2024,FB,1204,0.19,0.14,-0.27,-0.29,0.43,0.14,0.34,809
Arnaud Souquet,CHI,2024,CB,2113,0.14,0.07,0.42,0.16,-0.36,-0.09,0.34,210
Chidozie Awaziem,CIN,2024,CB,599,0.1,0.07,-0.43,0.42,0.16,0.01,0.34,94
Jalen Neal,LAG,2024,CB,1562,0.04,0.24,-0.25,0.73,-0.25,-0.16,0.33,534
Bret Halsey,CIN,2024,FB,611,0.07,-0.05,0.17,-0.35,0.36,0.11,0.33,660
Martín Cáceres,LAG,2024,CB,1214,0.02,0.15,0.41,-0.12,-0.15,0.02,0.32,238
Joaquín Fernández,SKC,2024,CB,122,0.02,0.01,0.22,0.0,0.01,0.03,0.29,108
Belal Halbouni,VAN,2024,CB,189,0.13,0.01,0.08,0.02,-0.01,0.06,0.29,615
Albert Rusnák,SEA,2024,AM,2798,0.22,-0.05,-0.27,1.12,-0.76,0.02,0.28,37
Maxime Chanot,LAFC,2024,CB,1524,-0.0,0.13,-0.24,0.26,0.2,-0.07,0.28,504
Thiago Martins,NYC,2024,CB,3193,0.14,0.05,-0.19,1.05,-0.55,-0.2,0.28,30
Bill Tuiloma,CLT,2024,CB,225,0.03,0.02,0.04,0.15,-0.01,0.06,0.28,326
Tomás Chancalay,NER,2024,W,1066,0.41,-0.2,-0.07,-0.1,-0.33,0.57,0.27,118
Wyatt Omsberg,CHI,2024,CB,939,-0.02,0.02,0.26,0.13,-0.12,0.0,0.27,509
Ronald Hernández,ATL,2024,FB,831,-0.04,0.03,0.13,0.22,-0.18,0.1,0.26,346
Kwadwo Opoku,MTL,2024,AM,596,-0.21,-0.05,-0.07,-0.1,0.66,0.03,0.26,325
Aleksey Miranchuk,ATL,2024,AM,852,0.32,-0.03,-0.32,0.64,-0.25,-0.1,0.26,16
Loïc Mesanvi,MIN,2024,W,80,-0.05,-0.01,-0.01,0.06,0.23,0.04,0.25,805
Steven Birnbaum,DCU,2024,CB,388,-0.1,-0.01,0.26,0.02,0.06,0.02,0.25,1088
David Brekalo,ORL,2024,CB,1330,0.21,0.12,-0.1,-0.22,0.26,-0.01,0.25,219
Pep Biel,CLT,2024,W,649,0.07,-0.06,-0.12,0.2,0.02,0.13,0.24,38
Markus Anderson,PHI,2024,CM,119,0.36,-0.01,-0.04,-0.06,-0.01,-0.0,0.24,641
DeAndre Yedlin,"CIN, MIA",2024,FB,2786,-0.31,0.34,0.32,-0.7,0.79,-0.21,0.24,141
Keaton Parks,NYC,2024,DM,2841,-0.54,0.2,-1.32,0.61,1.17,0.1,0.23,115
Logan Ndenbe,SKC,2024,FB,273,-0.0,0.03,0.07,0.11,-0.04,0.06,0.22,374
Josh Atencio,SEA,2024,DM,1225,0.34,0.01,0.07,-0.64,0.04,0.38,0.22,421
João Paulo,SEA,2024,DM,1420,0.06,0.08,-0.26,0.52,-0.29,0.1,0.21,72
Daniel Munie,SJE,2024,CB,1261,-0.28,0.07,0.64,0.08,-0.21,-0.1,0.21,835
Jonathan Lewis,COL,2024,W,903,0.09,-0.3,-0.04,0.06,0.29,0.1,0.21,357
Danny Leyva,SEA,2024,DM,282,-0.01,0.01,0.18,0.17,-0.14,-0.02,0.2,483
Memo Rodríguez,SKC,2024,CM,1789,-0.26,0.33,-0.09,0.36,-0.26,0.12,0.2,647
Ilie Sánchez,LAFC,2024,DM,2388,-0.1,-0.1,0.75,0.26,-0.43,-0.18,0.2,92
Andrés Herrera,CLB,2024,FB,553,-0.11,0.05,-0.14,-0.37,0.6,0.16,0.2,189
Samuel Shashoua,MIN,2024,W,37,0.11,0.01,-0.02,0.02,-0.01,0.09,0.19,704
Tomás Ángel,LAFC,2024,ST,81,0.07,-0.01,-0.05,-0.13,0.23,0.08,0.19,409
Giuseppe Bovalina,VAN,2024,FB,230,-0.0,0.01,0.12,-0.13,0.12,0.09,0.19,813
Aníbal Godoy,NSH,2024,DM,1642,-0.01,0.1,0.02,0.33,-0.18,-0.08,0.19,195
Calvin Harris,COL,2024,W,1688,0.52,0.23,-0.45,-0.67,0.59,-0.04,0.19,586
Noah Allen,MIA,2024,CB,1078,0.02,-0.17,0.92,-0.26,-0.23,-0.1,0.18,702
Dave Romney,NER,2024,CB,2485,0.0,-0.01,0.64,-0.11,-0.17,-0.16,0.18,193
Micael,HOU,2024,CB,3122,0.07,0.11,-0.05,0.71,-0.49,-0.18,0.17,562
Mitja Ilenic,NYC,2024,FB,1671,0.04,0.02,0.05,-0.01,0.02,0.04,0.17,434
Hosei Kijima,STL,2024,W,927,-0.27,0.23,0.04,0.04,0.13,0.01,0.17,829
Zarek Valentin,MIN,2024,FB,67,-0.0,0.0,0.18,0.01,-0.02,-0.01,0.17,688
Jackson Ragen,SEA,2024,CB,3244,-0.05,0.03,-1.36,1.33,0.0,0.2,0.16,624
Antony,POR,2024,W,2141,-0.65,0.18,0.48,-1.02,1.17,-0.02,0.16,322
Anthony Markanich,"STL, MIN",2024,FB,1545,-0.24,0.04,0.16,0.27,-0.22,0.14,0.15,760
Dagur Dan Thórhallsson,ORL,2024,FB,2746,0.11,-0.09,0.65,-1.34,0.56,0.26,0.15,426
Alexander Freeman,ORL,2024,FB,18,-0.0,-0.0,-0.02,0.0,0.12,0.05,0.14,691
Cody Baker,SEA,2024,FB,566,0.05,0.03,0.31,0.09,-0.22,-0.12,0.14,677
Leo Väisänen,ATX,2024,CB,945,0.04,0.05,0.29,-0.14,-0.09,-0.0,0.14,240
Randall Leal,NSH,2024,W,65,-0.05,0.01,0.13,-0.09,0.07,0.08,0.14,103
Tom Barlow,CHI,2024,ST,941,0.18,-0.12,0.14,-0.4,0.3,0.03,0.13,470
Tarik Scott,FCD,2024,W,72,0.06,0.26,0.01,-0.1,-0.06,-0.04,0.13,628
Jahkeele Marshall-Rutty,"MTL, TOR",2024,FB,1910,0.2,0.35,-0.12,-0.55,0.19,0.06,0.13,532
Rodrigues,SJE,2024,CB,3073,-0.07,0.1,-0.69,-0.26,0.86,0.17,0.12,203
Cassius Mailula,TOR,2024,AM,30,0.01,-0.0,-0.01,-0.06,0.11,0.08,0.12,443
Sam Vines,COL,2024,FB,2451,-0.1,0.2,0.2,-0.52,0.34,-0.0,0.12,151
Daniel Aguirre,LAG,2024,CM,165,0.04,0.02,0.04,0.03,-0.01,-0.0,0.12,1128
Damir Kreilach,VAN,2024,ST,558,-0.23,-0.08,-0.0,-0.08,0.4,0.11,0.12,354
Ryan Spaulding,NER,2024,FB,526,0.01,0.04,0.12,-0.02,-0.04,0.0,0.11,706
Paul Marie,SJE,2024,FB,1716,-0.33,-0.33,0.42,0.11,0.37,-0.12,0.11,433
Dylan Teves,SEA,2024,W,105,-0.02,-0.02,0.07,-0.02,0.08,0.01,0.11,744
Patrick Yazbek,NSH,2024,CM,415,-0.01,-0.0,0.23,-0.07,-0.03,-0.01,0.11,321
Brooklyn Raines,HOU,2024,DM,520,0.02,0.0,0.47,-0.08,-0.19,-0.12,0.1,603
Jack Skahan,SJE,2024,CM,1010,-0.11,-0.08,-0.32,-0.22,0.63,0.19,0.1,556
Gabriel Pirani,DCU,2024,W,1599,0.41,-0.05,-0.0,-0.58,-0.15,0.47,0.1,190
Ashley Westwood,CLT,2024,DM,3368,-0.03,0.16,-0.0,1.03,-0.57,-0.49,0.1,153
Marco Reus,LAG,2024,CM,403,-0.25,0.03,-0.04,-0.11,0.33,0.12,0.1,93
Ruan,"FCD, MTL",2024,FB,2708,0.98,0.19,-0.49,-1.49,0.93,-0.04,0.1,353
Tim Leibold,SKC,2024,FB,2442,0.16,-0.12,0.18,0.04,-0.2,0.03,0.09,258
Joaquín Sosa,MTL,2024,CB,1417,0.57,0.25,-0.68,-0.25,0.0,0.21,0.09,489
Franco Escobar,HOU,2024,FB,2021,0.05,-0.25,0.42,-0.19,0.04,0.03,0.09,298
Dominik Marczuk,RSL,2024,W,508,0.28,-0.03,-0.08,-0.11,0.05,-0.02,0.09,224
Derrick Jones,CLB,2024,CM,590,-0.04,-0.03,0.16,0.31,-0.22,-0.08,0.08,412
Rudy Camacho,CLB,2024,CB,2609,0.21,-0.11,-0.33,0.7,-0.36,-0.03,0.08,281
Peyton Miller,NER,2024,FB,743,0.12,-0.02,0.42,-0.45,-0.01,0.02,0.08,812
Wayne Frederick,COL,2024,AM,4,0.0,-0.0,0.08,0.0,-0.0,-0.0,0.08,824
Henry Kessler,"STL, NER",2024,CB,2356,-0.09,-0.31,0.76,0.15,-0.32,-0.12,0.08,113
Joaquín Pereyra,MIN,2024,W,446,0.1,0.0,0.04,0.12,-0.05,-0.13,0.08,208
Federico Redondo,MIA,2024,CM,1250,0.11,-0.07,0.28,-0.05,-0.07,-0.12,0.08,487
Diego Luna,RSL,2024,W,2467,-0.63,-0.06,-0.08,0.82,-0.27,0.3,0.07,349
Nathan,SEA,2024,CB,103,0.0,0.01,0.16,-0.04,-0.04,-0.02,0.07,284
Talles Magno,NYC,2024,W,91,-0.08,0.24,-0.07,-0.01,-0.01,-0.0,0.06,109
David Ayala,POR,2024,DM,1664,0.03,-0.06,0.3,0.3,-0.42,-0.08,0.06,344
Cavan Sullivan,PHI,2024,AM,19,0.02,-0.0,0.02,0.01,-0.02,0.02,0.05,411
Gabe Segal,HOU,2024,ST,279,-0.07,-0.03,-0.06,-0.2,0.33,0.08,0.05,825
Jose Casas de Abadal,MIA,2024,W,45,0.0,0.0,0.09,-0.01,-0.01,-0.01,0.05,1157
Dániel Gazdag,PHI,2024,AM,2807,0.22,0.06,0.38,-1.98,1.28,0.09,0.05,52
Omar González,FCD,2024,CB,960,0.06,0.05,-0.01,0.03,-0.07,-0.01,0.05,608
Hayden Sargis,DCU,2024,CB,37,0.0,0.0,0.04,0.0,-0.01,-0.0,0.04,726
David Martínez,MIA,2024,CB,314,-0.09,0.03,0.04,0.14,-0.04,-0.04,0.04,314
Kalani Kossa-Rienzi,SEA,2024,FB,19,-0.02,0.0,0.06,0.0,-0.0,-0.0,0.04,1161
Herbert Endeley,FCD,2024,FB,134,-0.01,0.08,0.08,-0.03,-0.04,-0.03,0.04,844
Russell Canouse,DCU,2024,CM,25,-0.01,0.0,0.05,0.01,-0.01,-0.0,0.04,241
Xande Silva,ATL,2024,W,1589,0.12,0.04,-0.1,0.16,-0.54,0.36,0.03,255
Julian Hall,NYRB,2024,ST,232,0.11,-0.04,-0.02,0.08,-0.12,0.01,0.03,531
Franco Fragapane,MIN,2024,W,987,-0.13,-0.08,0.01,0.08,0.07,0.08,0.03,442
Larrys Mabiala,POR,2024,CB,48,0.02,0.0,-0.0,0.02,-0.01,0.0,0.03,1167
Nikolas Dyhr,STL,2024,FB,166,-0.0,-0.02,0.05,0.04,-0.02,-0.02,0.03,1168
Finn Surman,POR,2024,CB,98,0.0,0.0,0.09,-0.03,-0.02,-0.01,0.03,518
Tommy Silva,RSL,2024,FB,23,-0.0,-0.0,0.07,-0.04,0.0,-0.0,0.03,791
Antino Lopez,SEA,2024,AM,14,-0.0,0.06,-0.01,0.0,-0.01,-0.01,0.03,1171
Quinn Sullivan,PHI,2024,CM,2722,1.0,-0.14,-0.45,0.24,-1.0,0.37,0.02,554
Marcos Dias,NER,2024,W,10,0.01,-0.0,-0.0,-0.0,-0.01,0.03,0.02,1173
Reggie Cannon,COL,2024,FB,379,-0.08,0.01,0.29,-0.23,0.03,0.0,0.02,156
Luca Petrasso,ORL,2024,W,36,0.03,-0.01,-0.01,0.01,-0.01,0.01,0.02,633
Jamie Paterson,CLT,2024,W,80,-0.01,-0.01,0.04,-0.03,0.04,-0.01,0.02,289
Guilherme Biro,ATX,2024,FB,2588,-0.22,0.13,0.13,-0.22,0.11,0.09,0.02,520
Malte Amundsen,CLB,2024,CB,2623,0.05,0.16,-0.58,1.1,-0.48,-0.24,0.02,360
Jefferson Valverde,HOU,2024,FB,16,-0.0,0.0,0.01,0.01,-0.0,-0.0,0.01,519
Teenage Hadebe,CIN,2024,CB,206,-0.02,0.02,0.0,0.08,-0.05,-0.02,0.01,152
Sawyer Jura,POR,2024,FB,13,0.0,0.01,-0.0,0.01,-0.0,-0.0,0.01,1181
Ervin Torres,ATX,2024,CM,14,0.0,0.0,-0.01,0.02,-0.0,-0.0,0.01,1182
Will Richmond,SJE,2024,W,7,-0.0,-0.0,-0.0,-0.0,0.01,0.01,0.01,728
Stephen Afrifa,SKC,2024,W,914,0.4,-0.07,-0.06,-0.61,-0.1,0.44,0.01,892
Ousman Jabang,MTL,2024,FB,15,-0.0,0.0,0.02,-0.01,-0.0,-0.0,0.01,890
Andreas Maxsø,COL,2024,CB,3466,-0.13,0.58,-0.18,-0.17,-0.05,-0.05,0.0,83
Tomas Ostrak,STL,2024,DM,765,-0.15,0.03,0.21,-0.07,-0.19,0.18,0.0,166
Nicolás Freire,MIA,2024,CB,825,0.21,0.05,-0.16,0.13,-0.15,-0.08,0.0,120
Jonathan Pérez,"NSH, LAG",2024,W,446,0.36,-0.04,-0.01,-0.26,-0.19,0.13,-0.0,449
Marvin Loría,POR,2024,AM,1,-0.0,-0.0,-0.0,-0.0,-0.0,-0.0,-0.0,467
Kelvin Yeboah,MIN,2024,ST,786,-0.0,0.14,0.02,-0.32,-0.05,0.22,-0.0,76
Javier Casas,CHI,2024,CM,3,0.0,0.0,-0.0,-0.0,-0.0,-0.0,-0.0,681
Cyprian Kachwele,VAN,2024,CM,6,-0.0,0.0,-0.0,0.0,0.0,-0.0,-0.0,1193
Shakur Mohammed,ORL,2024,CM,13,-0.0,0.02,-0.01,-0.0,-0.01,-0.01,-0.01,676
Isaiah Parente,LAG,2024,DM,67,-0.0,-0.0,-0.0,0.05,-0.03,-0.02,-0.01,849
Mohanad Jeahze,DCU,2024,DM,5,-0.0,0.0,-0.0,-0.0,-0.0,-0.0,-0.01,1196
Brandon Servania,TOR,2024,CM,78,-0.02,0.01,-0.02,0.01,0.0,0.02,-0.01,256
Matthew Bell,RSL,2024,W,24,0.05,-0.0,0.0,-0.04,-0.01,-0.01,-0.01,822
Nicholas Scardina,CLT,2024,W,7,-0.01,-0.0,-0.0,0.01,-0.01,-0.0,-0.01,859
Adolfo Enriquez,POR,2024,AM,10,-0.01,-0.0,0.0,0.01,-0.01,-0.01,-0.01,1200
Sean Nealis,NYRB,2024,CB,2546,-0.16,0.2,-0.09,0.01,-0.11,0.14,-0.01,294
Piero Elias,NYC,2024,W,5,-0.0,-0.0,-0.0,-0.0,-0.01,-0.0,-0.01,1202
Isaiah Foster,CIN,2024,FB,9,-0.0,0.0,-0.0,-0.01,0.0,-0.0,-0.01,685
Aidan O'Connor,NYRB,2024,CB,37,-0.01,0.0,0.02,-0.01,-0.01,-0.0,-0.01,885
Bryant Farkarlun,ATX,2024,W,12,0.01,-0.0,-0.01,0.0,-0.01,-0.01,-0.01,830
Hugo Bacharach,MIN,2024,CB,104,-0.01,0.01,-0.03,0.05,-0.02,-0.01,-0.01,817
Nikola Petkovic,CLT,2024,CM,578,0.07,-0.08,-0.09,-0.2,0.2,0.09,-0.01,372
Zavier Gozo,RSL,2024,ST,19,0.01,-0.0,0.01,0.01,-0.03,-0.01,-0.01,777
Jack Lynn,ORL,2024,ST,322,-0.18,-0.03,-0.05,-0.33,0.57,0.02,-0.01,748
Lachlan Brook,RSL,2024,W,279,-0.17,-0.03,0.12,-0.03,-0.09,0.18,-0.02,475
Júnior Moreno,HOU,2024,DM,33,-0.0,0.01,-0.02,0.02,-0.01,0.0,-0.02,607
Lucas Bartlett,DCU,2024,CB,3150,-0.39,0.17,-0.95,0.16,0.77,0.22,-0.02,735
Caden Glover,STL,2024,ST,83,0.08,-0.03,-0.01,0.02,-0.11,0.03,-0.02,679
Matthew Edwards,ATL,2024,CB,6,-0.0,0.0,-0.01,-0.01,0.0,-0.0,-0.02,841
Conner Antley,DCU,2024,FB,507,-0.01,-0.22,0.16,0.1,-0.06,-0.0,-0.02,703
Emanuel Reynoso,MIN,2024,AM,36,-0.01,-0.01,-0.01,0.03,0.0,-0.02,-0.02,1216
Cole Mrowka,CLB,2024,AM,5,-0.0,-0.01,-0.0,-0.0,-0.01,-0.0,-0.02,701
Jon Bell,SEA,2024,CB,558,0.01,-0.0,-0.08,0.1,-0.05,-0.0,-0.02,651
Rory O'Driscoll,MIN,2024,ST,5,-0.01,-0.0,-0.0,0.01,-0.01,-0.0,-0.02,1219
Luke Brennan,ATL,2024,W,207,-0.15,0.03,-0.08,0.06,0.18,-0.07,-0.02,845
London Aghedo,CIN,2024,CB,20,0.0,-0.0,-0.01,-0.01,-0.0,-0.0,-0.03,869
Marcelo Silva,RSL,2024,CB,212,0.04,-0.0,-0.02,-0.07,-0.01,0.03,-0.03,375
Kage Romanshyn Jr,MIN,2024,W,16,-0.0,-0.0,-0.01,0.0,-0.01,-0.01,-0.03,1223
Jeremy Garay,DCU,2024,ST,19,-0.0,-0.0,0.02,0.0,-0.04,-0.01,-0.03,689
Anthony Ramirez,FCD,2024,DM,13,-0.0,0.0,-0.01,-0.01,-0.0,-0.0,-0.03,1225
Omar Valencia,NYRB,2024,CM,7,-0.01,0.0,-0.01,-0.0,-0.0,-0.0,-0.03,1226
Jonathan Mensah,NER,2024,CB,331,-0.02,-0.01,0.24,-0.03,-0.14,-0.07,-0.03,304
Alexandros Katranis,RSL,2024,FB,2226,0.0,0.1,0.06,-0.28,-0.05,0.13,-0.04,338
Nick Hagglund,CIN,2024,CB,510,0.06,0.03,0.01,-0.06,-0.05,-0.03,-0.04,635
Diogo Gonçalves,RSL,2024,AM,628,-0.27,0.18,0.09,0.15,-0.16,-0.03,-0.04,51
Brendan McSorley,STL,2024,ST,14,0.0,-0.01,-0.0,-0.0,-0.02,-0.01,-0.05,1231
Jean Mota,MIA,2024,CM,32,0.0,0.0,-0.02,-0.02,-0.0,-0.01,-0.05,1232
Omari Glasgow,CHI,2024,AM,49,-0.05,-0.01,0.04,-0.02,0.01,-0.03,-0.05,1233
Patrick Weah,MIN,2024,ST,53,0.01,0.07,0.0,-0.02,-0.08,-0.04,-0.05,637
Morris Duggan,MIN,2024,CB,61,-0.0,0.01,-0.02,-0.01,-0.01,-0.01,-0.05,855
Jay Joshua Herdman,VAN,2024,W,15,-0.0,-0.03,-0.01,-0.0,-0.01,-0.0,-0.05,1236
Christopher Olney Jr.,PHI,2024,CM,27,0.0,-0.0,-0.02,-0.02,-0.01,-0.01,-0.05,774
Mohamed Farsi,CLB,2024,FB,2099,-0.13,0.82,-0.48,-1.89,1.43,0.19,-0.05,402
Mikkel Desler,ATX,2024,FB,545,0.04,0.01,0.08,-0.28,0.03,0.07,-0.05,313
Alessandro Biello,MTL,2024,CM,24,-0.03,0.01,-0.0,0.01,-0.02,-0.01,-0.05,828
Joey Skinner,NSH,2024,W,14,-0.01,-0.0,-0.03,0.01,-0.01,-0.01,-0.05,797
Johnny Russell,SKC,2024,W,1931,0.12,0.07,0.22,0.04,-0.61,0.11,-0.05,122
Alonso Jiménez,ATX,2024,DM,32,0.0,-0.0,-0.02,-0.03,-0.0,-0.01,-0.06,1243
Chris Donovan,PHI,2024,ST,511,-0.12,-0.02,0.06,-0.26,0.33,-0.05,-0.06,617
Tucker Lepley,LAG,2024,DM,56,-0.0,-0.01,0.01,0.0,-0.04,-0.02,-0.06,819
Carl Sainté,FCD,2024,DM,186,-0.04,-0.0,0.22,-0.15,-0.04,-0.04,-0.06,833
James Sands,NYC,2024,DM,2931,-0.08,-0.24,0.51,0.46,-0.27,-0.42,-0.06,110
Sam Adekugbe,VAN,2024,FB,862,-0.26,-0.04,-0.08,0.11,0.2,0.01,-0.06,134
Alenis Vargas,SKC,2024,W,736,0.17,0.02,0.08,0.02,-0.26,-0.11,-0.06,882
Tristan Blackmon,VAN,2024,CB,2117,0.06,0.14,-0.64,0.33,0.06,-0.02,-0.07,186
Jared Stroud,DCU,2024,W,2749,-0.36,0.07,-0.06,-0.36,0.3,0.34,-0.07,476
Lamine Diack,COL,2024,W,43,-0.02,-0.0,0.02,0.01,-0.05,-0.02,-0.07,1252
Rubén Ramos Jr.,LAG,2024,ST,19,-0.03,-0.0,-0.01,-0.0,-0.02,-0.01,-0.07,1253
Paxton Pomykal,FCD,2024,CM,10,-0.02,0.0,-0.02,-0.02,-0.0,-0.0,-0.07,111
Charles Sharp,TOR,2024,ST,36,-0.02,-0.0,0.03,-0.02,-0.03,-0.02,-0.07,1255
Malcolm Fry,NER,2024,ST,39,-0.06,-0.01,0.01,-0.02,0.02,-0.02,-0.07,794
Lukas MacNaughton,NSH,2024,CB,455,-0.13,-0.01,-0.18,0.02,0.14,0.1,-0.07,640
Sunusi Ibrahim,MTL,2024,ST,1181,-0.4,-0.13,0.18,-0.18,0.5,-0.04,-0.07,370
Michael Baldisimo,SJE,2024,CM,32,-0.0,-0.02,-0.04,-0.0,-0.01,-0.01,-0.07,631
Nicolas Fleuriau Chateau,VAN,2024,FB,50,0.04,0.0,0.01,-0.09,-0.02,-0.01,-0.07,1260
Monsef Bakrar,NYC,2024,ST,1550,-0.23,-0.11,-0.03,-0.99,0.87,0.42,-0.08,341
Teemu Pukki,MIN,2024,ST,1064,-0.82,-0.09,-0.12,-0.04,0.44,0.53,-0.08,19
Roald Mitchell,NYRB,2024,ST,27,-0.03,-0.0,-0.0,0.01,-0.04,-0.02,-0.08,698
Idan Toklomati,CLT,2024,W,26,-0.02,-0.0,-0.01,-0.01,-0.02,-0.01,-0.09,361
Luis Müller,LAFC,2024,W,23,-0.02,-0.0,-0.06,-0.02,-0.01,0.03,-0.09,866
Stiven Jimenez,CIN,2024,AM,13,-0.0,-0.06,-0.01,-0.0,-0.01,-0.01,-0.09,739
Richie Laryea,TOR,2024,FB,1018,-0.09,0.39,-0.11,-0.55,0.27,-0.0,-0.09,87
Tega Ikoba,POR,2024,ST,16,-0.07,-0.0,-0.01,-0.02,0.01,-0.01,-0.09,634
Emil Forsberg,NYRB,2024,W,1512,-0.29,-0.04,-0.1,0.92,-0.73,0.14,-0.09,6
Nimfasha Berchimas,CLT,2024,W,40,-0.05,-0.0,-0.0,-0.01,-0.03,0.0,-0.09,632
Nathan Saliba,MTL,2024,CM,1846,0.11,-0.14,0.7,-0.21,-0.53,-0.01,-0.09,567
Lewis O'Brien,LAFC,2024,CM,871,-0.01,-0.04,0.3,-0.09,-0.17,-0.08,-0.1,48
Tommy Thompson,SJE,2024,FB,140,-0.0,-0.0,-0.01,-0.03,-0.06,0.01,-0.1,717
David Schnegg,DCU,2024,FB,138,-0.06,0.01,-0.16,-0.0,0.08,0.04,-0.1,308
Yutaro Tsukada,ORL,2024,W,38,-0.08,-0.0,0.03,-0.03,-0.0,-0.02,-0.1,840
Jackson Yueill,SJE,2024,DM,2688,-0.28,-0.01,0.01,0.39,-0.03,-0.18,-0.1,132
Mykhi Joyner,STL,2024,W,50,-0.03,-0.01,-0.0,-0.01,-0.04,-0.03,-0.11,1277
Gastón Giménez,CHI,2024,DM,1940,0.25,-0.29,0.9,-0.12,-0.63,-0.23,-0.11,60
Brandon Cambridge,CLT,2024,W,48,0.05,-0.01,-0.03,-0.08,-0.02,-0.02,-0.11,665
Taha Habroune,CLB,2024,AM,120,0.01,-0.01,0.07,-0.07,-0.1,-0.02,-0.11,782
Mohammed Sofo,NYRB,2024,W,33,-0.05,-0.0,-0.01,-0.06,0.03,-0.02,-0.11,535
Osman Bukari,ATX,2024,W,676,0.39,-0.01,-0.05,-0.35,0.06,-0.16,-0.12,123
Kayden Pierre,SKC,2024,FB,498,0.19,0.02,-0.12,-0.07,-0.09,-0.05,-0.12,1283
Simon Becher,STL,2024,ST,610,-0.35,0.19,-0.12,-0.22,0.53,-0.15,-0.12,547
Édier Ocampo,VAN,2024,FB,201,-0.0,0.04,-0.01,-0.25,0.06,0.05,-0.12,403
Preston Judd,SJE,2024,ST,858,0.2,-0.04,-0.17,0.24,-0.21,-0.15,-0.12,719
Michael Halliday,ORL,2024,FB,155,-0.11,0.0,-0.09,-0.0,0.06,0.02,-0.12,499
Mauricio Cuevas,LAG,2024,FB,429,-0.05,-0.03,0.23,-0.46,0.24,-0.06,-0.13,566
Moses Nyeman,MIN,2024,DM,163,-0.0,0.0,0.05,-0.08,-0.06,-0.04,-0.13,543
Victor Eriksson,MIN,2024,CB,198,-0.11,0.02,0.03,-0.06,0.0,-0.01,-0.13,1290
Jamar Ricketts,SJE,2024,W,45,-0.03,-0.01,-0.05,-0.0,-0.03,-0.02,-0.13,820
Vitor Costa,SJE,2024,FB,2321,-0.23,0.1,0.4,-0.71,0.17,0.14,-0.13,391
Jeorgio Kocevski,ORL,2024,DM,214,0.02,-0.01,0.03,0.03,-0.12,-0.09,-0.13,861
Marino Hinestroza,CLB,2024,AM,427,-0.1,-0.04,-0.06,-0.35,0.3,0.11,-0.14,267
Marlon,LAFC,2024,CB,152,-0.06,-0.03,-0.05,-0.03,-0.0,0.04,-0.14,81
Dominique Badji,DCU,2024,ST,349,0.08,-0.06,0.07,-0.6,0.34,0.03,-0.14,595
Cedric Teuchert,STL,2024,ST,840,0.15,-0.11,-0.04,0.16,-0.65,0.34,-0.14,105
Noel Caliskan,RSL,2024,DM,232,-0.03,-0.0,-0.05,-0.01,-0.04,-0.01,-0.14,732
Shanyder Borgelin,MIA,2024,ST,184,0.06,-0.01,-0.02,0.03,-0.16,-0.03,-0.15,1299
Jack Panayotou,NER,2024,W,289,0.16,-0.01,-0.03,-0.01,-0.18,-0.07,-0.15,699
Julian Gaines,NSH,2024,FB,250,-0.06,-0.0,0.03,-0.07,-0.01,-0.03,-0.15,860
Benji Michel,RSL,2024,ST,39,0.03,-0.0,-0.05,-0.06,-0.04,-0.02,-0.15,513
Sebastian Anderson,COL,2024,FB,588,-0.05,0.04,-0.12,0.03,0.01,-0.05,-0.15,561
Pablo Ruiz,RSL,2024,AM,194,-0.1,-0.04,-0.05,0.0,-0.02,0.06,-0.15,136
Brian Gutiérrez,CHI,2024,W,2668,0.14,-0.0,-0.72,0.97,-0.51,-0.04,-0.15,142
Sota Kitahara,SEA,2024,FB,160,-0.0,0.01,0.0,-0.09,-0.05,-0.03,-0.16,807
Alejandro Bran,MIN,2024,CM,476,-0.09,0.21,-0.02,-0.15,-0.09,-0.04,-0.17,594
Eugene Ansah,FCD,2024,AM,533,0.07,-0.07,-0.11,-0.26,0.23,-0.03,-0.17,206
Lawson Sunderland,MIA,2024,CM,214,0.01,-0.01,0.02,-0.13,-0.01,-0.05,-0.17,888
Jake Nerwinski,STL,2024,FB,663,-0.15,0.06,0.09,-0.05,-0.11,-0.01,-0.17,472
Jackson Travis,COL,2024,FB,539,0.04,0.0,0.2,-0.27,-0.08,-0.07,-0.17,697
Érik Dueñas,LAFC,2024,CM,452,-0.13,-0.01,0.26,-0.16,-0.04,-0.1,-0.17,528
Héctor Jiménez,ATX,2024,FB,664,-0.04,0.04,-0.18,0.19,-0.14,-0.04,-0.17,718
Julián Fernández,NYC,2024,W,808,0.31,0.0,0.13,-0.53,-0.16,0.06,-0.18,247
Efrain Morales,ATL,2024,CB,288,-0.01,-0.03,-0.15,-0.09,0.05,0.06,-0.18,666
Caden Clark,"MIN, MTL",2024,FB,1915,-0.78,-0.2,0.22,-0.18,0.73,0.04,-0.18,398
Amar Sejdić,NSH,2024,DM,404,0.01,-0.02,-0.1,0.02,-0.14,0.05,-0.18,759
Nemanja Radoja,SKC,2024,DM,2375,0.19,0.05,-0.48,0.09,0.04,-0.06,-0.18,66
Tate Schmitt,HOU,2024,FB,527,-0.08,0.02,-0.29,0.01,0.05,0.11,-0.18,559
Matías Rojas,MIA,2024,W,901,0.01,-0.03,-0.19,0.22,-0.15,-0.04,-0.18,303
Brendan Hines-Ike,ATX,2024,CB,2516,-0.32,-0.62,0.65,0.17,-0.04,-0.04,-0.19,521
Rasmus Alm,STL,2024,W,962,-0.28,-0.1,0.11,0.22,0.02,-0.17,-0.19,436
Felipe Carballo,NYRB,2024,CM,503,-0.02,-0.26,-0.06,0.14,-0.05,0.06,-0.19,96
Chris Durkin,STL,2024,DM,2577,-0.39,0.12,0.39,-0.31,-0.12,0.12,-0.2,320
Duncan McGuire,ORL,2024,ST,1841,-0.85,-0.24,-0.35,-0.22,1.41,0.05,-0.2,99
Lorenzo Insigne,TOR,2024,AM,1513,0.27,-0.19,-0.08,-0.23,-0.21,0.23,-0.21,2
Dawid Bugaj,MTL,2024,FB,179,0.04,0.01,0.05,-0.27,-0.02,-0.02,-0.21,480
Tyger Smalls,CLT,2024,W,322,0.06,-0.05,0.0,0.04,-0.2,-0.07,-0.21,870
Bode Hidalgo,RSL,2024,FB,1631,-0.08,0.06,-0.02,0.38,-0.35,-0.2,-0.21,582
Sebastian Berhalter,VAN,2024,CM,2109,-0.86,0.27,-0.16,0.72,-0.28,0.11,-0.21,435
DeJuan Jones,"CLB, NER",2024,FB,2057,-0.22,0.35,0.49,-1.36,0.5,0.02,-0.21,170
Isaiah Jones,NSH,2024,CM,27,-0.2,-0.0,0.0,0.01,-0.02,-0.01,-0.21,801
João Pedro,CLT,2024,FB,512,-0.01,0.07,-0.17,0.03,-0.1,-0.03,-0.22,643
Cristian Dájome,DCU,2024,FB,2303,-0.02,-0.12,-0.03,-0.02,-0.1,0.06,-0.22,129
Bartosz Slisz,ATL,2024,DM,2706,0.23,-0.0,0.06,-0.23,-0.21,-0.06,-0.23,160
Jacen Russell-Rowe,CLB,2024,ST,1193,-0.24,-0.13,-0.17,-0.43,0.42,0.32,-0.23,669
Andrew Gutman,CHI,2024,FB,792,-0.33,0.07,-0.04,-0.2,0.16,0.11,-0.23,259
Dylan Chambost,CLB,2024,CM,628,0.03,-0.06,0.19,0.05,-0.25,-0.19,-0.24,328
Marcel Hartel,STL,2024,W,932,-0.81,0.17,0.2,0.32,-0.0,-0.12,-0.24,41
Tsiki Ntsabeleng,FCD,2024,AM,1226,-0.17,-0.02,-0.02,0.53,-0.27,-0.29,-0.24,740
Alfredo Morales,SJE,2024,DM,779,0.14,0.05,-0.27,0.06,-0.1,-0.11,-0.24,431
McKinze Gaines,"NSH, HOU",2024,W,361,0.18,-0.0,0.03,-0.22,-0.17,-0.06,-0.24,599
Dax McCarty,ATL,2024,DM,1076,0.02,-0.1,0.32,-0.01,-0.26,-0.21,-0.24,485
Nathan Ordaz,LAFC,2024,W,481,0.01,-0.06,-0.33,-0.26,0.43,-0.04,-0.25,579
Jannes Horn,STL,2024,FB,645,0.03,0.02,-0.21,-0.07,-0.03,-0.0,-0.25,441
Ayo Akinola,TOR,2024,ST,121,-0.05,0.0,-0.04,-0.02,-0.08,-0.07,-0.25,1346
Tomas Pondeca,FCD,2024,AM,131,-0.06,0.04,-0.04,-0.14,-0.03,-0.03,-0.25,858
Jules-Anthony Vilsaint,MTL,2024,AM,943,0.24,0.17,-0.0,-0.85,0.08,0.1,-0.26,672
Khiry Shelton,SKC,2024,FB,1192,-0.28,-0.01,-0.14,0.29,-0.0,-0.13,-0.26,185
Franco Negri,MIA,2024,FB,876,0.03,0.02,0.0,-0.11,-0.1,-0.11,-0.26,429
Kimani Stewart-Baynes,COL,2024,W,212,-0.33,0.0,0.03,0.01,0.11,-0.08,-0.26,821
Will Sands,"NER, CLB",2024,FB,777,-0.15,0.07,0.15,-0.35,0.02,0.0,-0.27,578
Ben Bender,CLT,2024,AM,228,-0.13,-0.02,-0.0,-0.14,0.02,0.01,-0.27,592
Fernando Álvarez,MTL,2024,CB,2396,0.09,0.26,-0.09,0.03,-0.41,-0.16,-0.27,484
Artur,HOU,2024,DM,3398,-0.29,-0.63,0.65,0.61,-0.64,0.03,-0.27,172
Henry Wingo,TOR,2024,CB,194,-0.01,0.02,-0.18,-0.04,-0.04,-0.02,-0.27,301
Boris Enow,DCU,2024,CM,348,0.02,-0.03,-0.1,-0.05,-0.13,0.01,-0.29,209
Kristian Fletcher,DCU,2024,W,338,-0.16,-0.02,-0.13,-0.17,0.11,0.08,-0.29,571
Eriq Zavaleta,LAG,2024,CB,182,0.0,-0.24,-0.06,0.02,-0.04,0.03,-0.29,709
Jayden Reid,STL,2024,FB,846,0.08,0.01,-0.01,0.08,-0.34,-0.12,-0.29,887
Nicolás Lodeiro,ORL,2024,CM,1984,-0.12,-0.57,-0.2,0.75,-0.37,0.21,-0.29,168
Maxi Moralez,NYC,2024,AM,1016,-0.13,0.03,0.05,0.3,-0.41,-0.14,-0.29,315
Griffin Dorsey,HOU,2024,FB,2962,0.57,0.14,-1.01,-1.39,0.97,0.42,-0.3,293
Malik Pinto,CIN,2024,CM,227,0.06,-0.07,0.02,-0.07,-0.15,-0.08,-0.3,837
Rodrigo Schlegel,ORL,2024,CB,2612,0.09,-0.12,-0.2,0.01,-0.19,0.1,-0.3,378
Andres Jasson,NYC,2024,FB,186,-0.03,0.07,0.04,-0.14,-0.15,-0.09,-0.3,1366
Sean Zawadzki,CLB,2024,CM,2032,0.15,0.05,0.21,0.14,-0.62,-0.24,-0.3,364
Stuart Armstrong,VAN,2024,W,163,-0.22,0.0,-0.1,-0.1,0.05,0.06,-0.3,26
Sergio Santos,CIN,2024,ST,1114,-0.65,-0.05,0.05,-0.82,1.18,-0.02,-0.31,133
Rida Zouhir,MTL,2024,CM,215,-0.06,-0.0,-0.06,-0.08,-0.06,-0.05,-0.31,650
Luca Langoni,NER,2024,W,761,0.17,0.2,-0.12,-0.07,-0.3,-0.19,-0.31,221
CJ Fodrey,ATX,2024,W,257,-0.09,-0.04,-0.02,-0.18,-0.0,0.02,-0.31,690
Nathan Fogaça,POR,2024,ST,285,-0.47,0.06,-0.06,-0.2,0.26,0.1,-0.32,1373
Jefferson Díaz,MIN,2024,CB,899,0.07,-0.02,-0.3,-0.1,-0.01,0.02,-0.33,419
Jake Girdwood-Reich,STL,2024,CM,196,-0.03,-0.04,-0.06,0.04,-0.16,-0.08,-0.33,452
Justin Reynolds,CHI,2024,FB,271,-0.01,0.01,-0.33,-0.15,0.11,0.03,-0.33,878
Dante Vanzeir,NYRB,2024,ST,2293,0.27,-0.27,0.06,-0.13,0.04,-0.3,-0.34,71
Alan Velasco,FCD,2024,W,419,0.23,-0.09,-0.01,-0.2,-0.28,0.01,-0.34,61
Victor Wanyama,MTL,2024,CM,474,-0.03,0.0,0.08,-0.19,-0.14,-0.06,-0.34,50
Bjørn Inge Utvik,VAN,2024,CB,1929,-0.04,-0.24,-1.16,0.53,0.45,0.11,-0.35,311
Nick Firmino,ATL,2024,W,204,-0.07,-0.02,-0.05,0.03,-0.18,-0.06,-0.35,852
Matt Hedges,ATX,2024,CB,1018,-0.0,0.03,-0.22,-0.13,0.0,-0.03,-0.36,273
Alexandru Matan,CLB,2024,CM,1642,0.68,-0.02,-0.31,0.02,-0.5,-0.22,-0.36,327
Dario Zuparic,POR,2024,CB,2533,0.04,0.12,-0.06,0.02,-0.43,-0.05,-0.36,138
Maren Haile-Selassie,CHI,2024,W,2288,-0.18,0.1,-0.24,0.23,-0.08,-0.2,-0.36,397
Yuya Kubo,CIN,2024,ST,2687,-0.26,-0.17,0.26,-1.23,0.7,0.34,-0.36,194
Ralph Priso,VAN,2024,DM,550,-0.01,0.0,0.21,-0.26,-0.17,-0.13,-0.36,593
Jovan Mijatović,NYC,2024,ST,338,0.04,-0.05,0.09,-0.27,-0.21,0.02,-0.37,213
Bobby Wood,NER,2024,ST,651,-0.05,-0.09,-0.17,-0.33,0.23,0.03,-0.37,334
Matt Crooks,RSL,2024,AM,2083,0.55,-0.24,-0.1,-0.17,0.03,-0.43,-0.37,124
Frankie Amaya,NYRB,2024,CM,1807,0.19,-0.02,0.11,-0.11,-0.46,-0.08,-0.37,1391
Show,FCD,2024,CM,549,0.03,-0.04,-0.06,-0.18,-0.07,-0.06,-0.37,309
Akil Watts,STL,2024,FB,1124,-0.1,-0.24,0.26,-0.19,-0.05,-0.06,-0.37,806
Tommy McNamara,NER,2024,W,224,-0.05,-0.01,-0.07,-0.04,-0.11,-0.09,-0.38,358
Oleksandr Svatok,ATX,2024,CB,476,-0.08,0.03,-0.16,-0.05,-0.06,-0.05,-0.38,457
Emiro Garcés,LAG,2024,CB,464,-0.0,-0.07,0.0,0.04,-0.24,-0.11,-0.38,497
Nelson Palacio,RSL,2024,DM,891,-0.05,-0.2,0.2,0.13,-0.33,-0.15,-0.4,408
Michael Wentzel,STL,2024,CB,208,-0.06,0.0,-0.22,-0.05,-0.04,-0.02,-0.4,865
Ousseni Bouda,SJE,2024,ST,433,-0.01,-0.06,-0.32,-0.16,0.24,-0.09,-0.4,584
Tom Pearce,MTL,2024,FB,284,-0.07,-0.01,-0.15,-0.15,-0.0,-0.03,-0.4,307
Nolan Norris,FCD,2024,CM,230,-0.16,0.01,0.01,-0.13,-0.07,-0.06,-0.41,623
Bernard Kamungo,FCD,2024,AM,1525,-0.38,0.35,0.11,-0.36,-0.06,-0.06,-0.41,729
Felipe,ORL,2024,DM,455,0.0,-0.02,-0.23,-0.13,0.06,-0.1,-0.42,560
Ryan Raposo,VAN,2024,FB,1766,-0.25,0.24,-0.05,-1.01,0.44,0.21,-0.42,552
Aaron Long,LAFC,2024,CB,2655,-0.5,-0.15,0.85,-0.29,-0.29,-0.05,-0.42,90
Miguel Berry,LAG,2024,ST,1009,-0.17,-0.14,-0.05,-0.01,0.2,-0.26,-0.42,533
Enzo Copetti,CLT,2024,ST,554,0.18,-0.05,-0.05,-0.15,-0.18,-0.17,-0.42,1407
Tyler Boyd,NSH,2024,W,1246,-0.15,0.14,-0.2,-0.03,0.02,-0.21,-0.42,175
Kyle Smith,ORL,2024,FB,1357,-0.22,-0.21,0.33,0.09,-0.28,-0.15,-0.43,451
Aziel Jackson,"CLB, STL",2024,AM,1298,-0.57,0.2,-0.12,-0.2,0.06,0.21,-0.43,639
Kei Kamara,LAFC,2024,ST,1168,0.07,-0.21,0.09,0.35,-0.6,-0.12,-0.43,710
Deybi Flores,TOR,2024,CM,2343,-0.36,-0.16,0.7,0.19,-0.48,-0.32,-0.43,342
Ian Fray,MIA,2024,FB,765,0.09,-0.17,-0.16,-0.25,0.03,0.03,-0.43,591
Felipe Hernández,SKC,2024,CM,446,-0.08,0.0,-0.12,-0.17,-0.03,-0.03,-0.43,1414
Alonso Coello,TOR,2024,CM,1696,-0.19,-0.03,-0.07,0.46,-0.34,-0.27,-0.43,686
Tyler Wolff,ATL,2024,W,594,0.02,-0.04,0.0,-0.26,-0.11,-0.04,-0.44,553
Tomás Avilés,MIA,2024,CB,2449,-0.02,-0.14,0.17,-0.14,-0.24,-0.07,-0.44,369
Gerardo Valenzuela,CIN,2024,ST,1140,-0.1,0.26,0.18,-0.27,-0.26,-0.25,-0.44,766
Jordan Adebayo-Smith,MIN,2024,ST,329,-0.06,-0.02,-0.07,-0.15,-0.12,-0.03,-0.45,767
Alex Muyl,NSH,2024,W,2565,-1.25,0.21,0.04,-0.95,1.25,0.25,-0.45,295
Chase Gasper,CHI,2024,FB,274,-0.07,-0.24,-0.05,-0.03,-0.03,-0.03,-0.45,296
Paul Arriola,FCD,2024,FB,2747,-0.41,0.31,-0.42,-0.81,0.46,0.42,-0.46,53
Ronald Donkor,NYRB,2024,CM,1091,0.05,-0.06,-0.08,0.37,-0.46,-0.28,-0.47,550
Xavier Arreaga,"SEA, NER",2024,CB,2450,-0.54,-0.24,0.88,-0.25,-0.25,-0.08,-0.48,174
Matt Miazga,CIN,2024,CB,1593,0.01,-0.1,-0.66,0.53,-0.26,0.01,-0.48,67
Raheem Edwards,MTL,2024,FB,1723,-0.86,-0.27,0.35,-0.15,0.32,0.13,-0.48,410
Theodore Ku-Dipietro,DCU,2024,W,2075,0.17,0.16,0.28,-1.15,0.02,0.02,-0.49,414
Jaylin Lindsey,CLT,2024,FB,366,0.06,-0.0,-0.54,0.07,-0.04,-0.05,-0.49,447
Ajani Fortune,ATL,2024,DM,1525,0.32,-0.24,-0.0,-0.08,-0.39,-0.1,-0.49,872
Tobias Salquist,CHI,2024,CB,1041,0.15,-0.13,-0.25,-0.04,-0.12,-0.09,-0.49,343
Christian McFarlane,NYC,2024,FB,439,-0.09,-0.04,-0.11,-0.21,-0.02,-0.03,-0.49,612
Tayvon Gray,NYC,2024,FB,1893,-0.23,-0.27,0.17,0.14,-0.2,-0.09,-0.49,340
Luís Martins,VAN,2024,FB,876,-0.07,0.05,-0.15,-0.19,-0.08,-0.04,-0.49,1433
Jeremy Rafanello,PHI,2024,AM,396,-0.11,-0.02,0.04,-0.09,-0.2,-0.12,-0.5,626
Kevin O'Toole,NYC,2024,FB,2714,-0.8,0.34,-0.3,-0.24,0.27,0.23,-0.5,525
Danley Jean Jacques,PHI,2024,DM,502,-0.09,0.0,-0.06,-0.19,-0.06,-0.11,-0.52,257
Eryk Williamson,POR,2024,DM,1280,-0.28,-0.01,0.12,-0.1,-0.09,-0.17,-0.53,225
Noel Buck,NER,2024,DM,605,0.0,-0.01,-0.13,0.01,-0.3,-0.1,-0.53,752
Obed Vargas,SEA,2024,DM,2841,-0.07,0.66,0.38,-1.41,0.03,-0.13,-0.54,659
Caleb Wiley,ATL,2024,FB,2145,-0.0,0.05,0.16,-0.39,-0.16,-0.2,-0.54,1440
Serge Ngoma,NYRB,2024,W,182,-0.17,-0.03,-0.04,-0.12,-0.13,-0.05,-0.54,620
Marinos Tzionis,SKC,2024,W,322,-0.21,-0.03,-0.02,-0.23,0.01,-0.05,-0.54,1442
Andrew Farrell,NER,2024,FB,633,-0.07,-0.25,0.19,-0.23,-0.12,-0.07,-0.54,217
Emiliano Rigoni,ATX,2024,W,802,-0.05,-0.08,0.01,0.08,-0.39,-0.13,-0.55,1444
Pavel Bucha,CIN,2024,CM,3301,-0.44,0.03,-0.05,-0.34,0.04,0.22,-0.55,316
Mauricio Pineda,CHI,2024,CB,1340,-0.02,-0.17,-0.05,0.03,-0.3,-0.06,-0.55,404
Dejan Joveljic,LAG,2024,ST,2108,-0.19,0.36,-0.47,-1.23,0.41,0.56,-0.56,216
Zorhan Bassong,SKC,2024,FB,1416,0.07,-0.45,-0.15,0.26,-0.11,-0.17,-0.56,655
Bryan Oviedo,RSL,2024,FB,743,-0.07,-0.25,-0.12,-0.09,0.01,-0.05,-0.57,1449
Sebastián Ferreira,HOU,2024,ST,838,-0.55,0.16,-0.04,-0.57,0.2,0.23,-0.58,34
Jesús Ferreira,FCD,2024,AM,1471,-0.55,-0.13,0.08,-0.14,0.28,-0.12,-0.58,40
Forster Ajago,NSH,2024,ST,469,-0.54,-0.05,0.21,-0.35,0.19,-0.04,-0.59,857
Jacob Shaffelburg,NSH,2024,W,1569,-0.12,0.24,-0.13,-0.53,0.06,-0.11,-0.59,383
Coco Carrasquilla,HOU,2024,W,2562,-0.26,-0.05,-0.18,1.01,-0.82,-0.3,-0.59,234
Oscar Verhoeven,SJE,2024,FB,434,-0.05,0.02,-0.25,-0.16,-0.1,-0.05,-0.6,636
Kevin Long,TOR,2024,CB,2398,-0.14,0.16,-0.29,0.14,-0.29,-0.18,-0.6,473
Mark-Anthony Kaye,NER,2024,DM,1546,-0.32,-0.03,0.23,-0.08,-0.21,-0.19,-0.6,184
José Martínez,PHI,2024,DM,1139,-0.23,0.05,-0.5,0.19,-0.2,0.07,-0.6,1458
Liam Fraser,FCD,2024,CM,1516,-0.22,-0.0,0.2,0.06,-0.45,-0.19,-0.61,498
César Araújo,ORL,2024,DM,2754,-0.06,-0.1,-0.57,0.44,-0.39,0.05,-0.62,199
Latif Blessing,HOU,2024,W,1142,-0.41,-0.11,0.05,-0.27,0.05,0.07,-0.62,198
Cristian Espinoza,SJE,2024,W,3275,0.11,-0.35,-0.23,0.7,-0.65,-0.21,-0.63,45
Jonathan Dean,CHI,2024,FB,1304,-0.15,-0.22,0.7,-0.77,-0.2,0.01,-0.64,598
Gyasi Zardes,ATX,2024,ST,1411,0.01,-0.18,-0.04,0.19,-0.36,-0.26,-0.64,121
Braian Ojeda,RSL,2024,DM,3033,0.2,-0.35,0.24,-0.9,-0.0,0.19,-0.64,235
Dylan Borrero,NER,2024,W,1047,-0.05,-0.09,-0.01,-0.23,-0.4,0.14,-0.64,231
Ryan Sailor,MIA,2024,CB,390,-0.16,-0.22,-0.1,-0.31,0.14,0.01,-0.64,758
Josh Bauer,NSH,2024,CB,2112,-0.07,-0.16,0.19,-0.42,-0.02,-0.16,-0.64,683
Bruno Wilson,SJE,2024,CB,1160,0.17,-0.46,-0.16,-0.15,-0.01,-0.04,-0.65,102
Diego Fagundez,LAG,2024,W,1899,0.07,0.14,-0.24,-0.22,-0.27,-0.13,-0.65,88
Keegan Rosenberry,COL,2024,FB,2957,-0.38,-0.13,-0.46,0.43,-0.13,0.01,-0.66,376
Brad Smith,HOU,2024,W,515,-0.09,-0.04,-0.27,0.03,-0.21,-0.08,-0.66,335
Fidel Barajas,RSL,2024,W,658,-0.19,-0.08,-0.23,0.04,-0.29,0.09,-0.66,1473
Emmanuel Boateng,NER,2024,W,830,-0.58,-0.12,0.02,-0.28,0.3,-0.01,-0.67,529
Robert Taylor,MIA,2024,W,1787,0.07,-0.19,-0.1,-0.39,0.12,-0.17,-0.67,439
Dany Rosero,SKC,2024,CB,2122,-0.02,0.13,-0.67,-0.37,0.16,0.1,-0.67,305
Levonte Johnson,VAN,2024,W,800,-0.26,-0.04,0.03,-0.06,-0.19,-0.16,-0.67,721
Sam Junqua,FCD,2024,CB,2517,0.07,0.09,-0.13,-0.18,-0.47,-0.06,-0.68,512
Andrés Cubas,VAN,2024,CM,2139,-0.1,-0.15,0.55,0.24,-0.78,-0.46,-0.69,98
Miguel Tapias,MIN,2024,CB,2348,-0.03,-0.08,-0.67,0.34,-0.13,-0.12,-0.69,163
Oliver Larraz,COL,2024,DM,2438,-0.34,0.21,0.3,-0.45,-0.28,-0.14,-0.69,629
Emeka Eneli,RSL,2024,DM,3032,0.23,0.21,0.23,-0.73,-0.31,-0.32,-0.7,763
Dominic Iankov,MTL,2024,AM,814,-0.72,-0.05,-0.0,-0.44,0.42,0.1,-0.7,394
Taylor Washington,NSH,2024,FB,858,0.06,-0.24,-0.16,-0.11,-0.16,-0.08,-0.7,716
Hernán López,SJE,2024,AM,1983,-0.76,0.0,0.47,0.71,-1.0,-0.13,-0.71,117
Esmir Bajraktarevic,NER,2024,W,2192,0.44,-0.2,-0.22,0.11,-0.98,0.14,-0.71,600
Miguel Araujo,POR,2024,CB,1785,0.09,-0.11,-0.59,-0.08,-0.04,0.01,-0.72,204
Eddie Segura,LAFC,2024,CB,1542,-0.47,-0.02,-0.43,0.12,-0.02,0.08,-0.73,491
Daniel Ríos,ATL,2024,ST,1564,-0.62,-0.13,-0.17,-0.5,0.54,0.15,-0.73,588
Noah Cobb,ATL,2024,CB,1546,0.05,0.14,-0.51,-0.12,-0.18,-0.12,-0.74,731
Cristhian Paredes,POR,2024,DM,1562,-0.27,-0.06,0.91,-0.58,-0.5,-0.23,-0.74,223
Djibril Diani,CLT,2024,DM,2014,0.13,0.32,0.0,-0.69,-0.2,-0.31,-0.74,458
Pedro Santos,DCU,2024,FB,2085,-0.06,-0.23,-0.05,-0.03,-0.51,0.15,-0.74,323
Ján Greguš,HOU,2024,DM,429,-0.05,0.01,-0.39,-0.17,-0.09,-0.05,-0.75,540
Maikel Chang,RSL,2024,W,497,-0.11,-0.01,-0.02,-0.19,-0.22,-0.19,-0.75,506
Brandon Bye,NER,2024,FB,863,-0.14,-0.04,-0.34,-0.17,-0.01,-0.06,-0.75,384
Ian Murphy,CIN,2024,CB,2625,0.09,-0.06,-0.15,0.16,-0.57,-0.22,-0.76,575
Pedro de la Vega,SEA,2024,W,740,-0.21,-0.08,-0.07,-0.22,-0.2,0.03,-0.76,97
Alessandro Schöpf,VAN,2024,CM,2120,-0.1,0.22,-0.3,-1.0,0.14,0.28,-0.76,126
Nouhou,SEA,2024,FB,2441,0.37,-0.27,0.39,-0.72,-0.41,-0.12,-0.76,270
Jasper Löeffelsend,COL,2024,DM,453,-0.07,-0.03,-0.19,-0.18,-0.25,-0.05,-0.77,486
Kobe Franklin,TOR,2024,FB,846,-0.17,-0.01,-0.14,-0.43,-0.13,0.09,-0.79,649
Scott Arfield,CLT,2024,AM,452,-0.19,-0.05,-0.04,-0.17,-0.2,-0.13,-0.79,1503
Martín Rodríguez,DCU,2024,CM,1460,0.16,-0.03,0.34,-0.46,-0.53,-0.31,-0.82,80
Jon Gallagher,ATX,2024,FB,3014,0.19,-0.14,-0.21,-0.67,0.16,-0.14,-0.82,406
Julián Aude,LAG,2024,FB,1894,-0.12,-0.12,-0.09,-0.4,-0.18,0.1,-0.82,432
Andrés Reyes,NYRB,2024,CB,1708,-0.11,-0.1,-0.39,0.0,-0.18,-0.05,-0.82,197
John Tolkin,NYRB,2024,FB,2708,-0.22,0.37,-0.65,0.12,-0.34,-0.11,-0.83,196
Sebastien Ibeagha,FCD,2024,CB,3167,-0.05,-0.25,-0.16,-0.53,0.22,-0.07,-0.84,218
Iván Angulo,ORL,2024,W,3103,1.0,0.12,0.03,-0.72,-0.81,-0.46,-0.84,290
Benji Kikanović,SJE,2024,FB,1391,-0.03,-0.06,-0.73,-0.01,-0.1,0.07,-0.85,437
Juan Mosquera,POR,2024,FB,3101,0.4,0.13,-1.37,-0.05,0.14,-0.11,-0.86,465
DJ Taylor,MIN,2024,FB,1669,0.05,-0.74,-0.17,0.05,-0.09,0.04,-0.86,526
Kosi Thompson,TOR,2024,CM,1313,0.05,0.01,0.24,-0.59,-0.35,-0.21,-0.86,653
Dairon Asprilla,POR,2024,ST,818,-0.25,-0.1,0.02,-0.23,-0.16,-0.15,-0.87,1515
Zac McGraw,POR,2024,CB,988,-0.27,0.06,-0.41,-0.12,-0.07,-0.06,-0.87,524
Matty Longstaff,TOR,2024,CM,2472,-0.15,-0.38,-0.15,-0.02,0.03,-0.21,-0.87,510
Nicksoen Gomis,TOR,2024,CB,2274,-0.18,0.04,0.26,-0.3,-0.45,-0.25,-0.88,838
Aaron Boupendza,CIN,2024,ST,655,-0.06,-0.06,0.04,-0.29,-0.42,-0.08,-0.88,1519
Derrick Etienne Jr.,"TOR, ATL",2024,AM,1847,0.01,-0.13,0.16,-1.05,0.3,-0.19,-0.88,202
Omir Fernández,COL,2024,W,1888,-0.84,0.5,0.08,-0.28,-0.01,-0.32,-0.89,246
Júnior Urso,CLT,2024,DM,1171,-0.22,-0.09,0.06,-0.81,0.09,0.09,-0.89,463
Daniel Steres,HOU,2024,FB,1343,0.0,0.03,-1.15,-0.02,0.15,0.1,-0.9,317
Mathieu Choinière,MTL,2024,CM,1707,-0.33,0.12,0.26,-0.48,-0.31,-0.18,-0.91,1524
Christopher McVey,DCU,2024,CB,2458,0.03,0.06,-0.6,-0.43,0.08,-0.05,-0.91,474
Dru Yearwood,NSH,2024,DM,1661,-0.08,0.18,-0.19,-0.35,-0.45,-0.03,-0.92,261
Logan Farrington,FCD,2024,ST,1455,-0.19,-0.28,-0.25,0.2,-0.48,0.06,-0.93,877
Justin Haak,NYC,2024,CB,938,-0.12,-0.02,-0.38,0.02,-0.33,-0.09,-0.93,546
Jackson Hopkins,DCU,2024,DM,1091,-0.06,0.06,-0.27,-0.28,-0.29,-0.09,-0.93,705
Léo Chú,SEA,2024,W,776,-0.17,-0.02,-0.04,-0.32,-0.19,-0.21,-0.94,283
Mateusz Klich,DCU,2024,CM,3047,-0.86,-0.16,-0.17,1.09,-0.51,-0.33,-0.94,42
Matai Akinmboni,DCU,2024,CB,503,0.03,-0.23,-0.05,-0.45,-0.17,-0.08,-0.95,658
Allan Arigoni,CHI,2024,FB,2377,-0.41,-0.28,-0.49,0.05,0.17,0.02,-0.95,333
Nicholas Gioacchini,CIN,2024,ST,492,0.05,0.06,0.19,-0.54,-0.47,-0.25,-0.96,39
Žan Kolmanič,ATX,2024,FB,619,-0.06,-0.0,-0.16,-0.54,-0.11,-0.09,-0.96,420
Yaw Yeboah,CLB,2024,FB,1211,0.36,-0.27,-0.79,-1.04,0.53,0.24,-0.97,232
Aimé Mabika,TOR,2024,CB,551,-0.03,-0.25,-0.77,0.09,0.06,-0.07,-0.97,577
Xherdan Shaqiri,CHI,2024,AM,820,-0.23,-0.09,-0.21,0.34,-0.46,-0.33,-0.97,1538
Kerwin Vargas,CLT,2024,W,2713,-0.45,0.25,0.12,0.08,-0.74,-0.24,-0.98,355
Reed Baker-Whiting,SEA,2024,FB,932,-0.29,-0.03,0.19,-0.26,-0.38,-0.21,-0.98,602
Omar Campos,LAFC,2024,FB,1826,0.35,-0.23,-0.51,-0.23,-0.24,-0.15,-1.01,227
Mateusz Bogusz,LAFC,2024,ST,2871,-1.35,-0.16,-0.41,1.04,-0.31,0.16,-1.01,228
Devin Padelford,MIN,2024,CB,1815,-0.0,0.05,-0.55,0.09,-0.39,-0.21,-1.01,671
Owen Wolff,ATX,2024,W,2047,0.05,-0.01,0.15,-0.44,-0.35,-0.42,-1.02,596
Strahinja Tanasijević,NYC,2024,CB,1162,0.04,-0.0,-0.59,-0.1,-0.26,-0.1,-1.02,448
Wikelman Carmona,NYRB,2024,W,1782,-0.42,-0.09,0.24,0.14,-0.85,-0.04,-1.03,542
Rémi Walter,SKC,2024,DM,1441,-0.18,0.08,0.03,-0.45,-0.42,-0.11,-1.04,139
Rafael Santos,ORL,2024,FB,2371,-0.6,0.05,-0.31,0.44,-0.54,-0.09,-1.05,417
Dennis Gjengaar,NYRB,2024,W,1102,-0.77,-0.1,0.2,-0.58,0.37,-0.18,-1.06,379
Jeong Sang-Bin,MIN,2024,W,2434,-0.95,0.12,-0.6,-0.5,0.87,-0.03,-1.08,220
Dániel Sallói,SKC,2024,W,2349,-0.37,-0.1,0.04,-0.12,-0.56,0.02,-1.09,91
Eric Miller,POR,2024,FB,1196,-0.62,0.04,0.09,-0.31,-0.23,-0.07,-1.09,765
Giacomo Vrioni,NER,2024,ST,2467,-1.44,-0.28,-0.23,-0.99,1.47,0.36,-1.1,47
David Ruiz,MIA,2024,CM,1297,-0.76,0.03,0.29,-0.63,0.02,-0.09,-1.14,815
Njabulo Blom,STL,2024,DM,1012,-0.11,0.04,-0.18,-0.47,-0.25,-0.16,-1.14,385
Kevin Kelsy,CIN,2024,ST,1394,-0.44,-0.0,0.15,-0.19,-0.53,-0.14,-1.15,324
Kyle Duncan,NYRB,2024,FB,1446,-0.2,-0.42,-0.19,0.08,-0.38,-0.05,-1.16,279
Dante Sealy,FCD,2024,FB,984,-0.31,-0.04,-0.31,-0.62,0.02,0.1,-1.16,459
Olivier Mbaizo,PHI,2024,FB,1261,-0.22,-0.26,-0.43,-0.04,-0.16,-0.08,-1.18,363
Federico Navarro,CHI,2024,DM,791,-0.57,0.01,0.66,-0.86,-0.29,-0.14,-1.19,277
Corey Baird,CIN,2024,ST,1089,0.0,-0.09,-0.34,-0.47,-0.34,0.03,-1.19,201
Raúl Ruidíaz,SEA,2024,ST,1504,-1.36,0.12,-0.08,-0.23,-0.45,0.78,-1.23,28
Ezequiel Ponce,HOU,2024,ST,810,-0.23,-0.15,-0.39,-0.74,0.11,0.16,-1.25,27
Marco Farfan,FCD,2024,FB,2262,-0.34,0.17,-0.39,-0.58,0.07,-0.18,-1.25,288
Deandre Kerr,TOR,2024,ST,1133,-0.36,-0.1,-0.2,-0.25,-0.37,0.02,-1.26,630
Matti Peltola,DCU,2024,CB,2552,-0.13,-0.14,0.57,-0.64,-0.67,-0.24,-1.26,179
Edwin Cerrillo,LAG,2024,DM,2325,-0.17,-0.07,0.71,-0.71,-0.57,-0.44,-1.26,368
Ian Harkes,NER,2024,DM,1792,-0.2,-0.01,-0.24,-0.51,-0.24,-0.06,-1.27,468
Olivier Giroud,LAFC,2024,ST,663,-0.06,-0.06,-0.13,-0.32,-0.42,-0.29,-1.28,17
Birk Risa,NYC,2024,CB,2511,-0.33,0.22,-0.86,0.25,-0.34,-0.23,-1.29,187
Sean Davis,NSH,2024,DM,1487,-0.19,0.05,-0.02,-0.54,-0.31,-0.27,-1.29,116
Jesús Murillo,LAFC,2024,CB,1922,-0.02,0.0,-0.91,-0.07,-0.27,-0.06,-1.32,274
Patrickson Delgado,FCD,2024,CM,1296,-0.52,-0.27,0.31,-0.7,-0.11,-0.05,-1.34,536
Prince Owusu,TOR,2024,ST,2074,-0.75,0.04,-0.43,-0.65,0.63,-0.19,-1.35,165
Peter Stroud,NYRB,2024,CM,946,-0.35,-0.25,0.12,-0.29,-0.31,-0.27,-1.35,618
Leon Flach,PHI,2024,DM,2027,-0.29,0.06,-0.03,-0.1,-0.62,-0.38,-1.36,445
Diego Chara,POR,2024,DM,2728,-0.07,-0.49,-0.1,0.29,-0.53,-0.48,-1.38,306
Mason Toye,"POR, MTL",2024,ST,725,-0.5,-0.08,-0.13,-0.65,0.02,-0.05,-1.38,237
Julian Gressel,MIA,2024,W,2521,-0.98,-0.05,-0.06,0.08,-0.18,-0.21,-1.4,106
Indiana Vassilev,STL,2024,W,2075,-0.56,-0.13,-0.26,-0.21,-0.05,-0.19,-1.4,454
Diego Rossi,CLB,2024,AM,2970,-0.1,0.03,-0.49,-2.08,0.81,0.42,-1.4,22
Niko Tsakiris,SJE,2024,DM,1611,-0.33,-0.13,-0.44,-0.26,-0.2,-0.04,-1.4,609
Yannick Bright,MIA,2024,CM,1624,-0.4,-0.27,0.98,-0.82,-0.49,-0.39,-1.41,804
Brecht Dejaegere,CLT,2024,W,1063,-0.43,-0.11,-0.24,-0.16,-0.14,-0.35,-1.43,1584
Nick Lima,NER,2024,FB,2032,-0.29,-0.22,0.11,-0.79,-0.12,-0.12,-1.43,405
Fabian Herbers,CHI,2024,CM,2329,0.26,-0.12,-0.35,-0.85,-0.42,0.03,-1.45,365
Tristan Muyumba,ATL,2024,CM,2366,0.07,-0.44,-0.06,-0.73,-0.31,-0.01,-1.47,272
Diego Rubio,ATX,2024,ST,2097,-0.82,0.37,-0.03,0.19,-0.71,-0.48,-1.48,386
John Nelson,LAG,2024,FB,1324,-0.09,0.08,-1.12,-0.16,-0.13,-0.11,-1.52,464
Leonardo Campana,MIA,2024,ST,1468,-0.98,-0.14,0.14,-0.98,0.37,0.05,-1.54,192
Wil Trapp,MIN,2024,CM,2574,-0.51,-0.09,-0.27,0.18,-0.6,-0.26,-1.55,351
Joakim Nilsson,STL,2024,CB,1373,-0.17,-0.15,-1.27,0.03,-0.06,0.05,-1.58,95
Lalas Abubakar,COL,2024,CB,1445,0.01,-0.12,-1.01,-0.21,-0.13,-0.12,-1.58,207
Nathan Byrne,CLT,2024,FB,3168,0.4,0.08,-0.93,-0.22,-0.58,-0.33,-1.6,252
Jhojan Valencia,ATX,2024,DM,1642,-0.28,-0.2,-0.35,-0.29,-0.35,-0.16,-1.64,319
Robert Voloder,SKC,2024,CB,1978,-0.43,0.17,-0.63,-0.15,-0.39,-0.21,-1.64,331
Ethan Finlay,ATX,2024,W,955,-0.58,-0.07,-0.06,-0.25,-0.3,-0.39,-1.64,450
Ema Twumasi,FCD,2024,FB,1351,0.01,-0.44,-0.44,-0.48,-0.18,-0.13,-1.66,389
Shane O'Neill,TOR,2024,CB,1289,-0.32,-0.48,-0.26,-0.22,-0.26,-0.17,-1.7,367
Martín Ojeda,ORL,2024,AM,2127,-0.88,-0.18,0.06,-1.41,0.54,0.14,-1.72,128
Raoul Petretta,TOR,2024,CB,2096,-0.34,0.16,-1.2,-0.33,-0.06,0.03,-1.74,181
Dani Pereira,ATX,2024,DM,2283,-0.07,0.09,-0.45,-0.49,-0.53,-0.3,-1.75,573
Jere Uronen,CLT,2024,FB,2408,-0.18,0.12,-0.41,-0.8,-0.35,-0.15,-1.78,269
Hugo Cuypers,CHI,2024,ST,2903,-0.22,-0.39,0.14,-0.37,-0.97,0.02,-1.79,20
Alex Ring,ATX,2024,DM,2930,-0.28,-1.04,-0.34,-0.65,0.35,0.17,-1.79,57
Andrew Brody,RSL,2024,FB,2418,0.07,0.1,-1.08,-0.06,-0.61,-0.28,-1.86,455
Sigurd Rosted,TOR,2024,CB,1958,-0.77,-0.09,-0.42,-0.16,-0.34,-0.12,-1.89,180
Jáder Obrian,ATX,2024,W,2459,0.58,-0.03,-0.11,-1.7,-0.36,-0.35,-1.97,282
Brian Anunga,NSH,2024,DM,1659,-0.49,-0.38,0.23,-0.61,-0.44,-0.3,-1.99,460
Brandt Bronico,CLT,2024,AM,1924,-0.23,-0.18,-0.19,-1.05,-0.04,-0.31,-2.0,390
Jonathan Osorio,TOR,2024,AM,2095,0.09,0.15,-0.17,-0.84,-0.77,-0.48,-2.02,158
Jeremy Ebobisse,SJE,2024,ST,2117,-0.14,0.09,-0.33,-0.33,-0.87,-0.48,-2.05,119
Obinna Nwobodo,CIN,2024,CM,2762,-0.11,-0.5,0.52,-0.53,-0.96,-0.5,-2.07,75
Kyle Hiebert,STL,2024,CB,1560,-0.11,-0.15,-1.21,-0.23,-0.24,-0.15,-2.08,527
Daniel Edelman,NYRB,2024,CM,2846,0.04,0.03,-1.29,0.46,-0.84,-0.51,-2.12,393
Teal Bunbury,NSH,2024,ST,1308,-0.93,-0.14,0.0,-0.46,-0.31,-0.31,-2.15,469
Ariel Lassiter,"CHI, MTL",2024,FB,2279,-0.37,0.01,-0.44,-1.06,-0.41,0.1,-2.17,490
Miki Yamane,LAG,2024,FB,3288,-0.69,-0.23,-0.15,-0.93,0.09,-0.26,-2.17,250
Matt Polster,NER,2024,DM,2933,-0.55,0.03,-0.51,-0.56,-0.23,-0.36,-2.18,264
Samuel Piette,MTL,2024,CM,2348,-0.44,-0.19,-0.42,-0.1,-0.75,-0.33,-2.23,359
Bryce Duke,MTL,2024,AM,2379,-0.4,-0.08,-0.63,-0.29,-0.65,-0.31,-2.36,371
Sebastian Kowalczyk,HOU,2024,ST,2389,0.21,-0.21,-0.16,-0.26,-1.74,-0.26,-2.43,292
Carlos Gruezo,SJE,2024,DM,2175,-0.32,-0.34,-0.41,-0.7,-0.55,-0.2,-2.52,55
Kellyn Acosta,CHI,2024,CM,2575,-0.46,-0.07,-0.81,-0.49,-0.47,-0.21,-2.52,63
Ibrahim Aliyu,HOU,2024,W,2912,-0.7,-0.33,-0.21,-1.54,-0.21,0.28,-2.72,312
Darlington Nagbe,CLB,2024,CM,2653,-0.17,0.11,-0.67,-0.75,-0.87,-0.58,-2.93,65
Alan Pulido,SKC,2024,ST,2182,-0.37,-0.16,-0.21,-1.18,-1.14,-0.33,-3.38,15
