"","Player","Team","Season","Position","Minutes","Passes","Pass %","xPass %","Score","Per100","Distance","Vertical","Touch %","Games"
"","Alex Bono","DCU","2024","GK","2997","1050","63.2%","54.5%","92.18","8.78","45.91","40.40","7.0%","29"
"","Jack McGlynn","PHI","2024","CM","2613","1719","84.6%","80.1%","77.48","4.51","21.98","6.05","11.4%","30"
"","Jackson Ragen","SEA","2024","CB","3244","2094","90.1%","86.5%","73.94","3.53","23.53","9.14","10.9%","33"
"","Miki Yamane","LAG","2024","FB","3288","2213","88.8%","85.6%","69.90","3.16","16.45","1.38","10.2%","33"
"","Héctor Herrera","HOU","2024","DM","1807","1848","87.8%","84.1%","67.64","3.66","19.00","4.24","13.3%","22"
"","Djordje Mihailovic","COL","2024","AM","2778","1258","76.6%","71.3%","66.94","5.32","21.02","3.41","8.9%","29"
"","Amine Bassi","HOU","2024","AM","2788","1853","85.4%","81.9%","66.17","3.57","17.64","0.97","9.6%","31"
"","Thiago Martins","NYC","2024","CB","3193","2015","89.5%","86.3%","66.11","3.28","22.57","6.99","10.9%","31"
"","Mark Delgado","LAG","2024","CM","2759","2093","88.7%","85.6%","65.31","3.12","16.72","2.89","9.8%","32"
"","Maya Yoshida","LAG","2024","CB","3440","2354","93.1%","90.3%","64.99","2.76","20.57","6.90","10.3%","34"
"","Darlington Nagbe","CLB","2024","CM","2653","1512","95.8%","91.9%","60.09","3.97","16.67","0.59","8.1%","29"
"","Franco Escobar","HOU","2024","FB","2021","1478","89.1%","85.1%","58.85","3.98","15.69","2.56","10.0%","24"
"","Brooks Lennon","ATL","2024","FB","3357","1855","78.6%","75.4%","58.63","3.16","20.78","1.64","10.8%","33"
"","Jackson Yueill","SJE","2024","DM","2688","1543","88.8%","85.1%","57.81","3.75","19.29","5.73","9.3%","32"
"","Diego Chara","POR","2024","DM","2728","1396","91.1%","87.1%","55.81","4.00","19.01","4.52","7.9%","32"
"","Juan Mosquera","POR","2024","FB","3101","1658","83.2%","79.9%","54.70","3.30","18.38","0.77","9.2%","34"
"","Edwin Cerrillo","LAG","2024","DM","2325","1612","94.2%","90.9%","53.61","3.33","17.27","1.65","7.2%","33"
"","Steven Moreira","CLB","2024","CB","2430","1718","89.8%","86.9%","49.98","2.91","18.73","3.96","9.6%","27"
"","Kai Wagner","PHI","2024","FB","3290","1964","73.3%","70.8%","48.78","2.48","24.63","4.22","11.6%","34"
"","Carles Gil","NER","2024","AM","2566","1666","80.7%","77.8%","48.19","2.89","22.30","3.73","11.6%","26"
"","Gabriel Pec","LAG","2024","W","3061","1403","86.0%","82.6%","47.49","3.38","15.28","-3.58","7.8%","33"
"","Braian Ojeda","RSL","2024","DM","3033","1780","89.4%","86.8%","47.27","2.66","19.49","3.08","10.1%","33"
"","Tim Parker","NER, STL","2024","CB","2481","1191","87.1%","83.1%","47.11","3.96","22.20","9.17","8.5%","28"
"","Justen Glad","RSL","2024","CB","2574","1535","91.4%","88.4%","46.69","3.04","22.76","6.17","10.3%","26"
"","Albert Rusnák","SEA","2024","AM","2798","1348","82.9%","79.5%","46.15","3.42","20.05","1.28","7.4%","32"
"","Yevhen Cheberko","CLB","2024","CB","1930","1514","91.7%","88.6%","46.10","3.04","19.15","6.68","9.1%","25"
"","Aaron Herrera","DCU","2024","FB","2982","1507","77.1%","74.1%","45.73","3.03","21.47","5.47","11.3%","30"
"","Facundo Torres","ORL","2024","W","2951","1466","82.2%","79.1%","45.36","3.09","15.69","1.33","8.7%","32"
"","Sebastian Lletget","FCD","2024","CM","2094","1183","86.7%","82.9%","45.31","3.83","17.91","1.47","7.2%","31"
"","Micael","HOU","2024","CB","3122","2218","90.3%","88.3%","45.30","2.04","21.50","8.62","11.1%","32"
"","Kevin O'Toole","NYC","2024","FB","2714","1437","82.8%","79.8%","43.68","3.04","15.32","2.81","8.7%","30"
"","Mateusz Klich","DCU","2024","CM","3047","1662","77.7%","75.2%","42.37","2.55","20.86","3.03","11.1%","31"
"","Jalen Neal","LAG","2024","CB","1562","1094","94.6%","90.8%","41.69","3.81","18.76","4.86","8.7%","18"
"","Walker Zimmerman","NSH","2024","CB","2155","1261","88.9%","85.6%","41.04","3.25","23.31","9.08","10.1%","25"
"","Sergio Busquets","MIA","2024","DM","2834","2098","89.0%","87.0%","41.01","1.95","19.69","6.91","11.2%","30"
"","Robin Jansson","ORL","2024","CB","3044","1647","86.6%","84.2%","40.85","2.48","23.17","10.81","9.6%","30"
"","Rodrigo Schlegel","ORL","2024","CB","2612","1328","89.2%","86.1%","40.68","3.06","21.98","7.91","8.5%","28"
"","Brad Guzan","ATL","2024","GK","3250","1188","75.8%","72.4%","40.54","3.41","38.76","29.23","6.9%","32"
"","Raoul Petretta","TOR","2024","CB","2096","1136","88.1%","84.6%","40.43","3.56","17.63","4.44","7.8%","27"
"","César Araújo","ORL","2024","DM","2754","1497","88.2%","85.5%","40.39","2.70","18.72","4.10","9.2%","30"
"","Andreu Fontàs","SKC","2024","CB","1576","1144","88.0%","84.5%","40.36","3.53","23.68","9.75","11.5%","17"
"","Keaton Parks","NYC","2024","DM","2841","1524","86.4%","83.8%","39.84","2.61","17.47","3.13","8.7%","32"
"","Miles Robinson","CIN","2024","CB","2529","1535","87.1%","84.6%","39.01","2.54","22.73","9.06","10.6%","25"
"","Joel Waterman","MTL","2024","CB","2391","1808","90.5%","88.4%","39.01","2.16","21.73","8.35","12.2%","25"
"","Bjørn Inge Utvik","VAN","2024","CB","1929","1217","88.0%","84.8%","38.74","3.18","25.33","8.51","9.6%","23"
"","Asier Illarramendi","FCD","2024","CM","2200","1591","89.1%","86.7%","38.59","2.43","18.38","3.07","11.7%","25"
"","Malte Amundsen","CLB","2024","CB","2623","1906","87.7%","85.7%","38.43","2.02","19.91","6.41","9.5%","31"
"","Sean Nealis","NYRB","2024","CB","2546","1302","87.6%","84.6%","38.39","2.95","21.91","7.19","9.5%","28"
"","Aaron Long","LAFC","2024","CB","2655","1391","89.8%","87.0%","38.24","2.75","21.31","7.06","9.2%","29"
"","Connor Ronan","COL","2024","DM","2030","1565","83.4%","81.0%","38.16","2.44","19.90","7.22","10.9%","26"
"","Sean Zawadzki","CLB","2024","CM","2133","1306","90.7%","87.8%","38.03","2.91","18.24","3.51","7.8%","27"
"","Cole Bassett","COL","2024","DM","2896","1682","85.5%","83.4%","36.80","2.19","18.52","3.84","11.2%","30"
"","Cristian Roldan","SEA","2024","DM","3174","1859","81.6%","79.7%","36.30","1.95","19.47","4.07","10.4%","33"
"","Noah Eile","NYRB","2024","CB","2739","1682","86.6%","84.5%","35.70","2.12","24.26","8.80","11.6%","29"
"","Artur","HOU","2024","DM","3398","2509","89.0%","87.6%","34.95","1.39","19.79","5.19","11.7%","34"
"","Alessandro Schöpf","VAN","2024","CM","2120","1028","89.5%","86.1%","34.70","3.38","18.53","0.59","6.9%","30"
"","Nicolás Lodeiro","ORL","2024","CM","1984","1568","82.5%","80.3%","34.32","2.19","17.57","3.63","8.1%","34"
"","Mohamed Farsi","CLB","2024","FB","2099","1158","87.1%","84.3%","33.13","2.86","16.54","-2.65","6.9%","27"
"","Gastón Brugman","LAG","2024","DM","1385","1011","89.6%","86.4%","32.81","3.24","18.19","5.20","7.1%","22"
"","Miguel Tapias","MIN","2024","CB","2348","1028","84.1%","81.0%","32.56","3.17","23.76","9.49","8.9%","25"
"","Alexandru Matan","CLB","2024","CM","1642","842","89.2%","85.5%","31.13","3.70","16.60","0.98","5.1%","28"
"","Andrés Cubas","VAN","2024","CM","2139","1026","89.9%","86.9%","30.97","3.02","22.13","4.85","8.5%","24"
"","Emeka Eneli","RSL","2024","DM","3032","1565","89.5%","87.6%","30.69","1.96","16.92","1.74","8.7%","33"
"","Pedro Vite","VAN","2024","CM","2233","1284","86.8%","84.4%","30.44","2.37","21.62","4.83","8.7%","28"
"","Eduard Atuesta","LAFC","2024","CM","2430","1411","82.1%","79.9%","30.16","2.14","21.86","5.96","10.3%","28"
"","Tristan Blackmon","VAN","2024","CB","2117","1377","86.5%","84.3%","30.15","2.19","22.69","7.28","10.0%","25"
"","João Paulo","SEA","2024","DM","1420","1144","85.8%","83.2%","29.45","2.57","19.16","4.12","9.6%","21"
"","Rafael Santos","ORL","2024","FB","2371","1713","80.8%","79.1%","29.45","1.72","18.77","5.66","9.1%","32"
"","Luciano Acosta","CIN","2024","AM","3068","1673","74.0%","72.3%","29.09","1.74","18.65","3.46","10.7%","32"
"","Ian Murphy","CIN","2024","CB","2625","1737","86.8%","85.1%","29.01","1.67","19.47","6.77","9.4%","31"
"","Jakob Glesnes","PHI","2024","CB","3182","1372","81.6%","79.5%","28.69","2.09","25.70","12.15","9.3%","32"
"","Derrick Williams","ATL","2024","CB","2543","1230","86.9%","84.6%","28.66","2.33","23.12","8.58","9.2%","27"
"","Riqui Puig","LAG","2024","CM","2874","2851","85.5%","84.5%","28.59","1.00","19.26","5.59","14.6%","29"
"","Alex Roldan","SEA","2024","FB","2542","1688","82.5%","80.8%","28.59","1.69","19.36","2.23","10.4%","29"
"","Dani Pereira","ATX","2024","DM","2283","1108","88.6%","86.1%","28.55","2.58","20.52","2.14","9.3%","26"
"","Nathan Harriel","PHI","2024","FB","2698","1153","79.5%","77.1%","28.49","2.47","17.87","2.95","9.2%","29"
"","Birk Risa","NYC","2024","CB","2511","1306","85.5%","83.3%","28.39","2.17","24.44","9.12","7.7%","29"
"","Pavel Bucha","CIN","2024","CM","3301","1659","89.0%","87.3%","28.30","1.71","17.31","1.88","9.3%","33"
"","Tristan Muyumba","ATL","2024","CM","2366","1200","88.6%","86.2%","28.24","2.35","17.31","2.01","8.3%","30"
"","Rudy Camacho","CLB","2024","CB","2609","1933","88.7%","87.3%","28.11","1.45","20.57","8.54","10.7%","28"
"","James Sands","NYC","2024","DM","2931","1723","86.7%","85.1%","28.03","1.63","19.03","5.19","10.5%","29"
"","Marcelo Weigandt","MIA","2024","FB","2268","1112","84.8%","82.3%","27.86","2.51","16.78","1.11","8.4%","23"
"","Lucas Bartlett","DCU","2024","CB","3150","1498","81.0%","79.2%","27.29","1.82","22.10","9.55","10.2%","32"
"","Diego Fagundez","LAG","2024","W","1899","860","82.7%","79.5%","27.20","3.16","17.43","0.84","3.9%","34"
"","Aníbal Godoy","NSH","2024","DM","1642","981","89.6%","86.8%","27.12","2.76","20.40","4.49","8.4%","23"
"","Aidan Morris","CLB","2024","CM","1456","1221","92.4%","90.2%","27.09","2.22","17.97","1.57","11.7%","16"
"","Jonathan Osorio","TOR","2024","AM","2095","912","87.7%","84.8%","26.99","2.96","16.69","1.64","8.3%","22"
"","Shaq Moore","NSH","2024","FB","1883","990","81.1%","78.4%","26.91","2.72","19.88","1.85","8.8%","23"
"","Kamal Miller","POR","2024","CB","2229","1260","85.1%","83.0%","26.69","2.12","23.45","9.66","10.3%","23"
"","Henry Kessler","STL, NER","2024","CB","2356","1407","89.5%","87.6%","26.69","1.90","22.91","7.58","10.2%","25"
"","Jahkeele Marshall-Rutty","MTL, TOR","2024","FB","1910","896","83.4%","80.4%","26.68","2.98","16.83","-0.44","5.3%","31"
"","Rafael Czichos","CHI","2024","CB","2685","1488","85.5%","83.8%","26.57","1.79","22.59","9.18","10.3%","28"
"","Tim Leibold","SKC","2024","FB","2442","1629","82.3%","80.6%","26.53","1.63","18.03","2.58","10.4%","28"
"","Jordi Alba","MIA","2024","FB","2558","1939","81.4%","80.1%","26.16","1.35","19.24","3.58","10.8%","28"
"","Wilder Cartagena","ORL","2024","DM","2499","1362","86.2%","84.3%","26.15","1.92","19.64","7.55","9.5%","27"
"","Yeimar Gómez Andrade","SEA","2024","CB","2769","1536","86.1%","84.4%","25.96","1.69","20.66","7.86","9.7%","30"
"","Mathías Laborda","VAN","2024","CB","2166","1258","84.5%","82.4%","25.85","2.06","22.08","5.62","9.4%","26"
"","Dagur Dan Thórhallsson","ORL","2024","FB","2746","1196","83.4%","81.3%","25.16","2.10","17.78","0.63","7.3%","31"
"","Zac MacMath","RSL","2024","GK","2345","949","79.2%","76.6%","25.11","2.65","33.93","25.61","6.9%","23"
"","Luis Abram","ATL","2024","CB","1308","671","89.3%","85.5%","25.06","3.73","23.00","8.26","6.3%","19"
"","Zorhan Bassong","SKC","2024","FB","1416","733","82.1%","78.8%","24.78","3.38","19.19","4.40","6.8%","21"
"","Stian Gregersen","ATL","2024","CB","1987","895","88.3%","85.5%","24.77","2.77","22.63","8.37","7.9%","23"
"","Robin Lod","MIN","2024","CM","2669","1125","80.1%","77.9%","24.62","2.19","17.36","4.86","8.1%","32"
"","Ryan Gauld","VAN","2024","W","2724","1218","75.9%","73.9%","24.56","2.02","21.41","3.26","8.2%","30"
"","Ranko Veselinović","VAN","2024","CB","3092","1574","91.9%","90.4%","24.48","1.56","23.99","5.52","9.5%","32"
"","Samuel Piette","MTL","2024","CM","2348","1387","90.6%","88.8%","24.42","1.76","17.93","2.17","9.0%","27"
"","Marco Farfan","FCD","2024","FB","2262","1047","87.4%","85.1%","24.19","2.31","17.73","3.56","7.8%","26"
"","Dario Zuparic","POR","2024","CB","2533","1295","87.6%","85.8%","24.10","1.86","22.60","7.59","8.8%","28"
"","Maxime Chanot","LAFC","2024","CB","1524","861","92.0%","89.2%","24.06","2.79","22.60","6.45","7.3%","23"
"","Brad Stuver","ATX","2024","GK","3472","1426","77.1%","75.5%","23.80","1.67","34.99","26.97","8.1%","34"
"","Omar González","FCD","2024","CB","960","518","92.7%","88.1%","23.43","4.52","18.97","7.40","6.3%","15"
"","Pedro Gallese","ORL","2024","GK","2992","702","73.7%","70.3%","23.31","3.32","34.44","27.47","4.2%","29"
"","Matty Longstaff","TOR","2024","CM","2472","1477","86.0%","84.4%","22.83","1.55","20.31","3.04","8.2%","32"
"","Timothy Tillman","LAFC","2024","CM","2768","1200","84.2%","82.3%","22.63","1.89","18.54","2.73","8.3%","32"
"","Rémi Walter","SKC","2024","DM","1441","751","91.0%","87.9%","22.49","2.99","20.01","1.15","7.1%","19"
"","Deybi Flores","TOR","2024","CM","2343","1411","85.8%","84.2%","22.15","1.57","20.71","5.67","9.0%","29"
"","Maxime Crépeau","POR","2024","GK","2012","761","78.8%","75.9%","22.06","2.90","35.94","26.53","6.7%","20"
"","Brendan Hines-Ike","ATX","2024","CB","2516","1446","90.5%","88.9%","21.98","1.52","22.50","6.73","9.9%","28"
"","Caleb Wiley","ATL","2024","FB","2145","1097","82.4%","80.4%","21.84","1.99","17.99","3.05","10.2%","21"
"","Sam Junqua","FCD","2024","CB","2517","1395","83.2%","81.6%","21.22","1.52","18.71","4.77","8.3%","31"
"","Andrew Brody","RSL","2024","FB","2418","1505","85.8%","84.4%","21.06","1.40","18.06","1.78","7.7%","33"
"","Sebastian Berhalter","VAN","2024","CM","2109","1027","75.8%","73.8%","20.74","2.02","24.73","5.62","6.8%","31"
"","Tomás Avilés","MIA","2024","CB","2449","1695","91.0%","89.8%","20.72","1.22","22.19","5.45","9.9%","27"
"","Sam Adekugbe","VAN","2024","FB","862","483","83.0%","78.8%","20.66","4.28","17.84","-0.68","5.4%","16"
"","Maren Haile-Selassie","CHI","2024","W","2288","838","80.4%","78.0%","20.61","2.46","16.74","-0.23","6.4%","27"
"","Mauricio Pineda","CHI","2024","CB","1340","738","89.7%","86.9%","20.54","2.78","21.33","7.23","6.5%","21"
"","Kyle Smith","ORL","2024","FB","1357","819","82.8%","80.3%","20.24","2.47","19.23","5.97","5.1%","29"
"","Martín Cáceres","LAG","2024","CB","1214","712","93.8%","91.0%","20.23","2.84","18.22","4.75","7.3%","15"
"","Thiago Almada","ATL","2024","AM","1580","1034","79.8%","77.9%","19.97","1.93","21.16","5.11","11.7%","17"
"","Max Arfsten","CLB","2024","FB","2184","1105","82.6%","80.8%","19.88","1.80","17.51","-1.55","6.3%","31"
"","Federico Bernardeschi","TOR","2024","FB","2765","1313","76.3%","74.8%","19.45","1.48","20.76","1.17","10.0%","29"
"","Chidozie Awaziem","CIN","2024","CB","599","436","88.1%","83.7%","19.26","4.42","22.27","8.57","9.9%","7"
"","Sigurd Rosted","TOR","2024","CB","1958","930","82.8%","80.7%","19.25","2.07","21.82","9.40","6.9%","25"
"","Roman Bürki","STL","2024","GK","3227","1131","71.9%","70.2%","18.82","1.66","40.12","31.81","6.8%","32"
"","Andreas Maxsø","COL","2024","CB","3466","1563","87.6%","86.5%","18.51","1.18","21.66","7.63","8.9%","34"
"","Guilherme Biro","ATX","2024","FB","2588","1309","80.0%","78.6%","18.41","1.41","19.78","4.11","8.9%","31"
"","Diego Rossi","CLB","2024","AM","2970","1169","80.8%","79.2%","18.40","1.57","17.43","0.25","6.3%","34"
"","Ali Ahmed","VAN","2024","FB","1519","676","80.8%","78.1%","18.30","2.71","17.15","-0.12","6.6%","22"
"","Matt Polster","NER","2024","DM","2933","1811","89.2%","88.2%","18.06","1.00","19.32","2.99","10.5%","31"
"","William Yarbrough","SJE","2024","GK","1939","559","76.4%","73.2%","17.92","3.21","38.02","28.96","6.1%","19"
"","Iván Angulo","ORL","2024","W","3103","1316","83.7%","82.4%","17.88","1.36","14.60","0.02","7.7%","34"
"","Joe Willis","NSH","2024","GK","2948","932","72.3%","70.4%","17.86","1.92","36.64","28.40","5.8%","30"
"","Sergi Palencia","LAFC","2024","FB","2563","1432","79.8%","78.6%","17.69","1.24","18.38","4.53","9.3%","30"
"","Brayan Vera","RSL","2024","CB","2388","1435","81.5%","80.2%","17.62","1.23","25.79","9.80","10.2%","24"
"","Owen Wolff","ATX","2024","W","2047","760","82.2%","80.0%","17.40","2.29","19.45","-1.00","5.2%","33"
"","Ronald Hernández","ATL","2024","FB","831","407","83.0%","78.8%","17.28","4.25","19.34","5.00","6.2%","13"
"","Ilie Sánchez","LAFC","2024","DM","2388","1192","86.5%","85.0%","17.16","1.44","19.62","4.73","7.4%","31"
"","Jack Maher","NSH","2024","CB","2721","1498","88.5%","87.4%","17.14","1.14","23.88","7.32","10.3%","28"
"","Daniel Edelman","NYRB","2024","CM","2846","1509","84.4%","83.3%","17.12","1.13","19.58","4.47","10.0%","31"
"","Will Sands","NER, CLB","2024","FB","777","397","88.4%","84.2%","16.72","4.21","17.08","-1.48","6.9%","11"
"","Jack Elliott","PHI","2024","CB","2695","1245","82.5%","81.2%","16.51","1.33","28.61","13.59","9.7%","28"
"","Nicksoen Gomis","TOR","2024","CB","2274","1161","88.4%","87.0%","16.23","1.40","20.66","6.65","8.6%","24"
"","Michael Boxall","MIN","2024","CB","3215","1200","84.3%","83.0%","16.14","1.35","21.85","7.95","8.5%","32"
"","Ashley Westwood","CLT","2024","DM","3368","1989","81.0%","80.2%","16.13","0.81","22.71","6.82","11.6%","33"
"","Robert Voloder","SKC","2024","CB","1978","1037","85.5%","84.0%","15.43","1.49","24.69","8.18","9.8%","21"
"","Sebastien Ibeagha","FCD","2024","CB","3167","1616","83.7%","82.7%","15.42","0.95","20.31","9.05","9.9%","31"
"","Evander","POR","2024","AM","2780","1455","76.8%","75.7%","15.36","1.06","20.75","3.63","10.5%","28"
"","Eddie Segura","LAFC","2024","CB","1542","913","87.8%","86.2%","15.28","1.67","20.71","5.34","6.5%","27"
"","Khiry Shelton","SKC","2024","FB","1192","632","86.7%","84.3%","15.28","2.42","18.17","2.77","6.6%","19"
"","Nelson Palacio","RSL","2024","DM","891","548","89.6%","86.8%","15.27","2.79","22.37","3.98","4.2%","23"
"","Taylor Washington","NSH","2024","FB","858","452","79.4%","76.1%","15.04","3.33","21.44","5.37","5.9%","15"
"","Bartosz Slisz","ATL","2024","DM","2706","1447","85.6%","84.5%","14.97","1.03","19.06","3.97","10.1%","28"
"","Memo Rodríguez","SKC","2024","CM","1789","949","79.2%","77.7%","14.65","1.54","22.45","4.54","7.0%","26"
"","Adilson Malanda","CLT","2024","CB","3271","1805","85.5%","84.7%","14.48","0.80","26.02","10.77","11.7%","32"
"","Bryan Oviedo","RSL","2024","FB","743","444","87.2%","83.9%","14.47","3.26","19.65","2.16","4.9%","15"
"","John Nelson","LAG","2024","FB","1324","729","86.0%","84.0%","14.30","1.96","17.03","2.02","4.8%","23"
"","Leon Flach","PHI","2024","DM","2027","613","85.6%","83.3%","14.30","2.33","17.56","4.26","6.4%","23"
"","Miguel Araujo","POR","2024","CB","1785","833","83.7%","82.0%","14.23","1.71","24.83","9.39","7.6%","22"
"","Robert Castellanos","SKC","2024","CB","1166","663","86.1%","84.0%","14.20","2.14","23.86","8.37","8.7%","14"
"","Luis Muriel","ORL","2024","ST","1819","717","79.1%","77.1%","14.12","1.97","16.70","4.13","4.9%","33"
"","Nemanja Radoja","SKC","2024","DM","2375","1353","87.8%","86.8%","14.07","1.04","20.50","4.17","9.7%","25"
"","Jefferson Díaz","MIN","2024","CB","899","425","82.6%","79.3%","14.02","3.30","20.37","9.54","10.2%","9"
"","Dany Rosero","SKC","2024","CB","2122","1090","87.1%","85.8%","14.00","1.28","23.06","7.54","9.0%","23"
"","Stefan Frei","SEA","2024","GK","2756","796","72.9%","71.1%","14.00","1.76","38.38","29.84","4.7%","29"
"","Sergii Kryvtsov","MIA","2024","CB","1572","1022","92.5%","91.1%","13.98","1.37","21.37","5.31","7.5%","23"
"","Nkosi Tafari","FCD","2024","CB","2573","1403","85.0%","84.0%","13.89","0.99","23.09","9.84","9.4%","28"
"","Kervin Arriaga","MIN","2024","CB","1011","491","80.9%","78.0%","13.81","2.81","22.62","8.54","8.9%","13"
"","Matt Crooks","RSL","2024","AM","2083","881","84.5%","82.9%","13.63","1.55","17.07","1.79","5.9%","29"
"","Oliver Larraz","COL","2024","DM","2438","1142","84.2%","83.1%","13.43","1.18","18.45","3.43","7.3%","34"
"","Yaw Yeboah","CLB","2024","FB","1211","586","84.1%","81.9%","13.26","2.26","14.66","-1.34","4.2%","24"
"","Nicolás Freire","MIA","2024","CB","825","696","90.8%","88.9%","13.23","1.90","20.98","6.28","10.8%","10"
"","Omir Fernández","COL","2024","W","1888","474","78.3%","75.5%","13.19","2.78","14.30","0.61","3.8%","33"
"","Strahinja Tanasijević","NYC","2024","CB","1162","618","88.0%","85.9%","13.19","2.13","21.08","5.87","7.0%","16"
"","DJ Taylor","MIN","2024","FB","1669","696","76.6%","74.7%","13.17","1.89","19.80","5.20","6.4%","24"
"","Bode Hidalgo","RSL","2024","FB","1631","1064","84.5%","83.3%","13.10","1.23","21.06","5.30","7.5%","25"
"","Yohei Takaoka","VAN","2024","GK","3327","975","73.7%","72.4%","13.01","1.33","38.44","28.49","5.4%","33"
"","Sean Davis","NSH","2024","DM","1487","580","86.6%","84.3%","12.91","2.23","17.84","2.62","4.6%","25"
"","Marco Reus","LAG","2024","CM","403","251","87.6%","82.5%","12.83","5.11","14.96","1.49","5.9%","6"
"","Christopher McVey","DCU","2024","CB","2458","1054","81.3%","80.1%","12.72","1.21","22.06","7.91","8.6%","27"
"","Ethan Bartlow","HOU","2024","CB","975","603","85.9%","83.8%","12.66","2.10","25.71","9.26","6.6%","16"
"","Nouhou","SEA","2024","FB","2441","1381","83.4%","82.5%","12.63","0.91","18.86","2.60","9.5%","27"
"","Amar Sejdić","NSH","2024","DM","404","267","89.5%","84.8%","12.55","4.70","21.38","4.56","3.1%","17"
"","Santiago Moreno","POR","2024","W","2738","1234","77.3%","76.3%","12.45","1.01","17.92","2.45","8.9%","31"
"","Jere Uronen","CLT","2024","FB","2408","1264","80.8%","79.8%","12.39","0.98","18.94","2.01","10.3%","26"
"","Fernando Álvarez","MTL","2024","CB","2396","1446","87.3%","86.4%","12.32","0.85","20.65","5.43","9.1%","27"
"","Federico Redondo","MIA","2024","CM","1250","842","89.5%","88.1%","12.30","1.46","18.10","2.73","8.9%","16"
"","Kevin Long","TOR","2024","CB","2398","1245","85.9%","84.9%","12.07","0.97","23.85","8.27","8.9%","26"
"","Brian Anunga","NSH","2024","DM","1659","776","86.3%","84.8%","11.95","1.54","19.20","3.37","5.5%","30"
"","Sebastián Driussi","ATX","2024","AM","2549","998","81.4%","80.2%","11.93","1.20","20.74","4.44","8.6%","27"
"","Akil Watts","STL","2024","FB","1124","499","81.2%","78.8%","11.85","2.37","17.48","2.77","6.4%","17"
"","Carlos Gruezo","SJE","2024","DM","2175","810","86.3%","84.8%","11.82","1.46","20.62","4.28","7.3%","24"
"","Joakim Nilsson","STL","2024","CB","1373","639","83.7%","81.9%","11.78","1.84","19.82","8.36","7.5%","19"
"","Sam Vines","COL","2024","FB","2451","1431","81.1%","80.3%","11.70","0.82","17.75","3.72","9.9%","27"
"","Wil Trapp","MIN","2024","CM","2574","1195","84.4%","83.4%","11.51","0.96","19.20","5.17","9.5%","27"
"","Héctor Jiménez","ATX","2024","FB","664","352","85.5%","82.3%","11.38","3.23","19.02","4.01","4.5%","15"
"","Tayvon Gray","NYC","2024","FB","1893","1011","77.5%","76.3%","11.38","1.13","18.64","3.73","6.8%","27"
"","John Tolkin","NYRB","2024","FB","2708","1461","73.7%","72.9%","11.36","0.78","22.09","2.85","10.7%","28"
"","Ronald Donkor","NYRB","2024","CM","1091","449","82.6%","80.1%","11.35","2.53","19.12","6.66","5.7%","17"
"","Brooklyn Raines","HOU","2024","DM","520","285","93.0%","89.0%","11.24","3.94","16.56","1.36","3.1%","15"
"","Aziel Jackson","CLB, STL","2024","AM","1298","460","80.2%","77.8%","11.10","2.41","17.83","1.87","4.7%","25"
"","Julián Aude","LAG","2024","FB","1894","1071","83.8%","82.8%","10.69","1.00","17.24","2.41","7.6%","25"
"","Ajani Fortune","ATL","2024","DM","1525","668","85.2%","83.6%","10.65","1.59","19.59","3.16","5.1%","27"
"","Fidel Barajas","RSL","2024","W","658","176","80.7%","74.7%","10.58","6.01","16.98","-1.03","2.3%","17"
"","Leo Väisänen","ATX","2024","CB","945","507","92.1%","90.0%","10.54","2.08","20.97","5.42","7.8%","13"
"","Lalas Abubakar","COL","2024","CB","1445","677","90.3%","88.7%","10.52","1.55","20.18","5.67","7.2%","18"
"","Lorenzo Insigne","TOR","2024","AM","1513","1102","84.2%","83.3%","10.44","0.95","19.50","2.24","8.8%","23"
"","Philip Quinton","CLB, RSL","2024","CB","1507","831","87.2%","86.0%","10.32","1.24","21.27","5.33","7.5%","20"
"","Luís Martins","VAN","2024","FB","876","487","80.1%","78.0%","10.27","2.11","21.45","2.81","5.7%","16"
"","Ian Harkes","NER","2024","DM","1792","891","85.3%","84.2%","10.25","1.15","19.26","3.60","6.2%","27"
"","Tanner Beason","SJE","2024","CB","1857","781","83.5%","82.2%","10.20","1.31","23.18","8.12","6.7%","26"
"","Jake Nerwinski","STL","2024","FB","663","357","81.5%","78.7%","10.12","2.83","18.94","4.87","6.7%","11"
"","Maarten Paes","FCD","2024","GK","3078","1019","78.7%","77.7%","10.05","0.99","31.69","23.15","6.2%","30"
"","DeAndre Yedlin","CIN, MIA","2024","FB","2786","1396","82.3%","81.6%","10.00","0.72","19.17","3.33","8.1%","31"
"","Felipe","ORL","2024","DM","455","213","89.7%","85.0%","9.90","4.65","16.96","4.27","2.8%","14"
"","Logan Ndenbe","SKC","2024","FB","273","206","82.0%","77.3%","9.87","4.79","17.51","3.85","7.7%","5"
"","Jonathan Pérez","NSH, LAG","2024","W","446","135","85.2%","78.0%","9.67","7.16","18.47","-2.17","2.5%","12"
"","Josh Bauer","NSH","2024","CB","2112","1037","83.8%","82.9%","9.66","0.93","20.78","5.43","8.4%","26"
"","Emil Forsberg","NYRB","2024","W","1512","530","77.9%","76.1%","9.65","1.82","19.74","3.05","7.0%","19"
"","Coco Carrasquilla","HOU","2024","W","2562","1441","83.0%","82.3%","9.60","0.67","17.97","3.54","8.7%","28"
"","Agustín Ojeda","NYC","2024","W","1103","417","83.2%","80.9%","9.47","2.27","14.40","-1.60","3.8%","22"
"","Matt Miazga","CIN","2024","CB","1593","1010","85.9%","85.0%","9.47","0.94","24.34","9.45","10.9%","16"
"","Daniel Munie","SJE","2024","CB","1261","608","80.9%","79.4%","9.33","1.53","22.89","9.92","7.5%","17"
"","Josh Yaro","STL","2024","CB","915","397","84.9%","82.6%","8.91","2.24","21.29","7.06","6.6%","13"
"","Djibril Diani","CLT","2024","DM","2014","757","86.7%","85.5%","8.90","1.18","18.48","2.47","6.3%","28"
"","Jon Bell","SEA","2024","CB","558","278","85.6%","82.4%","8.89","3.20","22.87","7.78","5.2%","10"
"","Jhojan Valencia","ATX","2024","DM","1642","794","88.4%","87.3%","8.76","1.10","22.28","4.91","6.1%","27"
"","George Campbell","MTL","2024","CB","2462","1785","85.1%","84.6%","8.61","0.48","20.39","6.54","10.8%","28"
"","Jimmy Maurer","FCD","2024","GK","391","162","82.1%","76.9%","8.44","5.21","32.64","24.35","6.8%","4"
"","Daniel","SJE","2024","GK","1184","395","79.8%","77.7%","8.21","2.08","33.18","23.79","6.2%","12"
"","Carlos Akapo","SJE","2024","FB","1781","1019","80.6%","79.8%","7.73","0.76","18.37","4.00","10.5%","21"
"","Teenage Hadebe","CIN","2024","CB","206","148","85.8%","80.6%","7.66","5.18","20.62","7.52","6.2%","4"
"","Liam Fraser","FCD","2024","CM","1516","894","85.2%","84.4%","7.58","0.85","19.13","5.28","9.0%","18"
"","Christian Benteke","DCU","2024","ST","2958","761","60.2%","59.2%","7.56","0.99","14.82","2.99","6.5%","30"
"","Tomas Totland","STL","2024","FB","2809","1224","73.0%","72.3%","7.56","0.62","19.31","5.40","9.3%","30"
"","Aimé Mabika","TOR","2024","CB","551","230","82.6%","79.4%","7.48","3.25","21.14","8.32","4.0%","12"
"","Kosi Thompson","TOR","2024","CM","1313","606","86.0%","84.8%","7.34","1.21","17.98","3.70","4.1%","29"
"","Kobe Franklin","TOR","2024","FB","846","321","82.5%","80.3%","7.32","2.28","16.73","-0.28","3.1%","21"
"","Christian Ramírez","CLB","2024","AM","1582","509","79.2%","77.7%","7.30","1.43","16.56","3.03","3.4%","25"
"","Gabriele Corbo","MTL","2024","CB","1980","1240","85.9%","85.3%","7.21","0.58","22.76","9.02","7.8%","28"
"","Mathieu Choinière","MTL","2024","CM","1707","996","84.2%","83.5%","7.18","0.72","16.99","2.64","10.5%","17"
"","Nick Lima","NER","2024","FB","2032","993","79.0%","78.2%","7.16","0.72","20.48","2.07","7.5%","25"
"","Dylan Borrero","NER","2024","W","1047","525","79.8%","78.5%","7.16","1.36","19.53","0.78","6.0%","17"
"","David Brekalo","ORL","2024","CB","1330","622","85.2%","84.1%","7.05","1.13","21.10","7.86","5.9%","19"
"","Gerardo Valenzuela","CIN","2024","ST","1140","386","82.1%","80.3%","7.03","1.82","17.16","0.18","2.9%","30"
"","Jesús Murillo","LAFC","2024","CB","1922","891","83.3%","82.5%","7.00","0.79","23.32","8.41","8.2%","22"
"","Kerwin Vargas","CLT","2024","W","2713","817","73.4%","72.6%","6.98","0.85","18.47","0.55","6.0%","33"
"","Jordan Morris","SEA","2024","ST","3084","660","75.6%","74.6%","6.94","1.05","13.94","-1.35","4.2%","34"
"","Xande Silva","ATL","2024","W","1589","508","80.3%","79.0%","6.89","1.36","16.61","-0.72","5.6%","23"
"","Nathan Byrne","CLT","2024","FB","3168","1582","79.3%","78.9%","6.89","0.44","20.88","5.06","10.7%","31"
"","Ján Greguš","HOU","2024","DM","429","320","91.6%","89.4%","6.87","2.15","18.28","2.37","6.6%","7"
"","Žan Kolmanič","ATX","2024","FB","619","344","76.2%","74.2%","6.85","1.99","23.17","1.23","4.5%","15"
"","Tomas Ostrak","STL","2024","DM","765","333","85.6%","83.5%","6.80","2.04","18.85","3.21","6.5%","12"
"","Tim Ream","CLT","2024","FB","883","517","86.9%","85.5%","6.79","1.31","22.99","7.20","11.3%","9"
"","Mitja Ilenic","NYC","2024","FB","1671","859","73.6%","72.8%","6.77","0.79","18.01","5.20","6.9%","23"
"","Patrick Schulte","CLB","2024","GK","2766","945","81.3%","80.6%","6.67","0.71","30.07","22.23","5.2%","27"
"","Tobias Salquist","CHI","2024","CB","1041","651","88.3%","87.3%","6.66","1.02","20.93","6.88","8.2%","14"
"","Nick Hagglund","CIN","2024","CB","510","291","82.1%","79.8%","6.64","2.28","20.76","8.02","5.1%","10"
"","Dylan Chambost","CLB","2024","CM","628","483","84.7%","83.3%","6.50","1.35","19.96","2.12","7.5%","10"
"","Jayden Reid","STL","2024","FB","846","353","78.8%","76.9%","6.50","1.84","19.49","4.15","6.7%","12"
"","Roman Celentano","CIN","2024","GK","3089","871","78.4%","77.7%","6.27","0.72","31.17","22.84","5.0%","30"
"","Alonso Coello","TOR","2024","CM","1696","1195","85.0%","84.5%","6.19","0.52","21.00","5.61","8.4%","25"
"","Andrés Perea","NYC","2024","DM","1446","566","80.6%","79.5%","5.98","1.06","16.05","3.10","4.1%","28"
"","Bret Halsey","CIN","2024","FB","611","327","81.7%","79.8%","5.98","1.83","17.51","-1.04","2.8%","21"
"","Jannes Horn","STL","2024","FB","645","283","81.3%","79.2%","5.96","2.11","22.28","-1.18","5.9%","9"
"","David Martínez","MIA","2024","CB","314","205","85.9%","83.0%","5.96","2.91","25.57","9.34","8.7%","4"
"","Calvin Harris","COL","2024","W","1688","442","76.0%","74.7%","5.82","1.32","14.56","-2.31","3.6%","32"
"","Josef Martínez","MTL","2024","ST","1528","313","84.4%","82.5%","5.77","1.84","14.31","-0.43","2.8%","23"
"","Mason Stajduhar","ORL","2024","GK","437","97","81.4%","75.6%","5.64","5.81","32.38","26.15","3.6%","5"
"","Peter Stroud","NYRB","2024","CM","946","368","84.2%","82.7%","5.61","1.52","16.45","1.98","6.3%","14"
"","Garrison Tubbs","DCU","2024","CB","655","250","87.6%","85.4%","5.58","2.23","19.75","3.18","3.8%","15"
"","Alhassan Yusuf","NER","2024","DM","486","298","86.9%","85.1%","5.41","1.81","19.26","3.79","8.7%","7"
"","Justin Haak","NYC","2024","CB","938","388","84.0%","82.6%","5.36","1.38","19.90","5.26","5.3%","15"
"","Daniel Aguirre","LAG","2024","CM","165","98","89.8%","84.3%","5.34","5.45","13.77","3.16","1.6%","10"
"","Johnny Russell","SKC","2024","W","1931","755","73.4%","72.7%","5.27","0.70","20.04","1.68","5.9%","29"
"","Joseph Paintsil","LAG","2024","W","2546","894","80.1%","79.5%","5.26","0.59","15.41","-1.86","6.0%","29"
"","Andrew Privett","CLT","2024","CB","3044","1583","85.0%","84.6%","5.19","0.33","25.62","8.81","11.0%","30"
"","Érik Dueñas","LAFC","2024","CM","452","167","89.2%","86.2%","5.11","3.06","16.31","2.47","2.9%","14"
"","Lionel Messi","MIA","2024","W","1690","866","78.8%","78.2%","4.99","0.58","18.82","5.80","8.4%","19"
"","Tommy Thompson","SJE","2024","FB","140","61","93.4%","85.3%","4.99","8.17","17.02","1.85","1.3%","10"
"","Hannes Wolf","NYC","2024","W","2842","1031","77.4%","76.9%","4.91","0.48","14.58","1.37","6.5%","34"
"","Andrés Herrera","CLB","2024","FB","553","224","84.4%","82.2%","4.84","2.16","17.62","0.20","3.9%","10"
"","Fafa Picault","VAN","2024","W","1879","572","77.6%","76.8%","4.76","0.83","17.51","-1.45","5.1%","29"
"","Brad Smith","HOU","2024","W","515","209","78.5%","76.2%","4.75","2.27","16.96","-1.05","1.8%","20"
"","Ben Lundt","STL","2024","GK","273","84","69.0%","63.5%","4.66","5.55","41.55","35.38","5.3%","3"
"","Xavier Arreaga","SEA, NER","2024","CB","2450","1342","87.0%","86.6%","4.63","0.35","23.29","8.10","9.0%","29"
"","Mauricio Cuevas","LAG","2024","FB","429","255","80.8%","79.0%","4.58","1.80","16.88","-1.30","2.3%","18"
"","Noah Allen","MIA","2024","CB","1078","688","87.2%","86.6%","4.56","0.66","20.36","5.17","6.5%","18"
"","Ibrahim Aliyu","HOU","2024","W","2912","886","82.4%","81.9%","4.54","0.51","13.67","-3.34","5.4%","34"
"","Chris Mueller","CHI","2024","W","1520","600","76.8%","76.1%","4.45","0.74","16.34","0.24","4.9%","27"
"","Olivier Mbaizo","PHI","2024","FB","1261","527","78.6%","77.7%","4.40","0.83","18.92","1.83","5.5%","21"
"","Belal Halbouni","VAN","2024","CB","189","120","90.8%","87.2%","4.39","3.66","20.42","6.79","7.7%","3"
"","Noel Buck","NER","2024","DM","605","234","88.5%","86.6%","4.32","1.85","18.97","1.22","3.7%","13"
"","Clint Irwin","MIN","2024","GK","517","147","79.6%","76.7%","4.24","2.89","31.36","24.42","6.3%","5"
"","Dax McCarty","ATL","2024","DM","1076","592","84.8%","84.1%","4.23","0.72","18.80","4.24","5.2%","22"
"","Jaylin Lindsey","CLT","2024","FB","366","268","76.9%","75.3%","4.11","1.53","19.64","4.87","7.5%","7"
"","Cory Burke","NYRB","2024","ST","404","62","58.1%","51.7%","3.97","6.41","17.71","6.79","1.2%","18"
"","Stuart Armstrong","VAN","2024","W","163","82","85.4%","80.5%","3.96","4.82","17.52","2.26","2.6%","6"
"","Reggie Cannon","COL","2024","FB","379","192","85.9%","83.9%","3.87","2.02","16.64","-0.22","6.4%","6"
"","Earl Edwards Jr.","NER","2024","GK","103","41","92.7%","83.4%","3.81","9.30","29.01","20.78","5.4%","1"
"","Lewis O'Brien","LAFC","2024","CM","871","405","85.9%","85.0%","3.81","0.94","17.56","3.83","9.4%","9"
"","Emiliano Rigoni","ATX","2024","W","802","231","71.9%","70.2%","3.78","1.64","20.34","0.03","5.2%","11"
"","Mikkel Desler","ATX","2024","FB","545","263","83.7%","82.2%","3.70","1.41","17.38","2.19","8.2%","7"
"","Hany Mukhtar","NSH","2024","AM","3074","1357","74.9%","74.7%","3.65","0.27","19.83","0.36","9.7%","32"
"","Andrés Reyes","NYRB","2024","CB","1708","725","80.8%","80.3%","3.64","0.50","23.03","8.86","7.3%","23"
"","Quinn Sullivan","PHI","2024","CM","2722","910","72.1%","71.7%","3.62","0.40","17.67","2.86","6.6%","34"
"","Isaiah Parente","LAG","2024","DM","67","53","92.5%","85.8%","3.55","6.69","21.09","2.31","1.3%","6"
"","Andres Jasson","NYC","2024","FB","186","53","90.6%","83.9%","3.53","6.67","12.61","-4.97","4.8%","3"
"","Jonathan Lewis","COL","2024","W","903","220","77.7%","76.2%","3.45","1.57","13.67","-0.83","2.2%","24"
"","Alex Ring","ATX","2024","DM","2930","1335","79.4%","79.1%","3.43","0.26","21.01","3.93","8.2%","34"
"","Kayden Pierre","SKC","2024","FB","498","254","83.1%","81.8%","3.36","1.32","18.81","3.27","7.4%","7"
"","Ryan Raposo","VAN","2024","FB","1766","734","76.2%","75.7%","3.36","0.46","20.23","-1.77","5.2%","30"
"","Marcel Hartel","STL","2024","W","932","416","81.0%","80.2%","3.35","0.80","18.27","0.82","9.0%","9"
"","Matai Akinmboni","DCU","2024","CB","503","215","82.8%","81.3%","3.27","1.52","23.13","7.15","5.8%","8"
"","Diego Luna","RSL","2024","W","2467","1111","81.5%","81.3%","3.24","0.29","17.97","0.20","7.2%","31"
"","Karol Swiderski","CLT","2024","ST","576","99","78.8%","75.5%","3.22","3.25","16.58","-0.68","3.1%","10"
"","Dániel Sallói","SKC","2024","W","2349","783","73.6%","73.2%","3.20","0.41","16.49","-0.25","5.6%","30"
"","Dave Romney","NER","2024","CB","2485","1462","86.5%","86.3%","3.07","0.21","22.53","7.59","10.1%","27"
"","Jeorgio Kocevski","ORL","2024","DM","214","109","78.9%","76.2%","2.98","2.74","15.83","5.35","1.8%","11"
"","Felipe Carballo","NYRB","2024","CM","503","259","83.0%","81.9%","2.91","1.12","20.02","5.95","6.5%","8"
"","Josh Cohen","ATL","2024","GK","240","83","84.3%","80.8%","2.91","3.51","31.08","20.56","4.5%","3"
"","Julio Cascante","ATX","2024","CB","2105","1115","87.4%","87.2%","2.90","0.26","22.63","8.03","9.1%","25"
"","Andrew Farrell","NER","2024","FB","633","394","80.7%","80.0%","2.80","0.71","19.08","4.02","4.8%","14"
"","Matti Peltola","DCU","2024","CB","2552","946","82.6%","82.3%","2.79","0.29","20.79","4.86","7.0%","31"
"","Julian Gaines","NSH","2024","FB","250","130","83.1%","81.0%","2.73","2.10","18.77","-0.59","6.7%","4"
"","Nacho Gil","NER","2024","W","737","295","79.7%","78.7%","2.72","0.92","17.33","2.50","3.7%","17"
"","Steven Birnbaum","DCU","2024","CB","388","172","81.4%","79.8%","2.70","1.57","21.76","10.13","5.8%","6"
"","Dru Yearwood","NSH","2024","DM","1661","666","82.1%","81.7%","2.63","0.39","20.96","3.59","5.8%","25"
"","Tyger Smalls","CLT","2024","W","322","58","74.1%","69.7%","2.56","4.41","17.13","2.32","1.4%","15"
"","DeJuan Jones","CLB, NER","2024","FB","2057","1139","81.7%","81.4%","2.39","0.21","17.70","1.42","7.9%","27"
"","Brandon Bye","NER","2024","FB","863","451","73.2%","72.7%","2.36","0.52","19.82","3.36","6.9%","13"
"","Jonathan Mensah","NER","2024","CB","331","150","88.0%","86.5%","2.31","1.54","21.09","6.23","3.8%","8"
"","Paul Marie","SJE","2024","FB","1716","778","78.0%","77.7%","2.19","0.28","19.14","3.75","6.0%","30"
"","Show","FCD","2024","CM","549","315","85.7%","85.0%","2.16","0.69","18.75","3.46","8.5%","7"
"","Njabulo Blom","STL","2024","DM","1012","400","82.5%","82.0%","2.15","0.54","16.85","3.56","5.3%","16"
"","Eryk Williamson","POR","2024","DM","1280","551","82.8%","82.4%","2.14","0.39","18.20","4.25","4.0%","28"
"","Moïse Bombito","COL","2024","CB","1762","852","84.7%","84.5%","2.08","0.24","22.51","8.41","9.5%","18"
"","Daniel Lovitz","NSH","2024","FB","2545","1411","76.6%","76.5%","2.05","0.15","22.98","6.59","9.8%","28"
"","Noah Cobb","ATL","2024","CB","1546","755","83.4%","83.2%","1.99","0.26","23.83","8.65","7.5%","19"
"","Claudio Bravo","POR","2024","FB","1787","995","76.8%","76.6%","1.96","0.20","20.56","5.77","9.3%","22"
"","Joaquín Pereyra","MIN","2024","W","446","194","73.2%","72.2%","1.93","0.99","18.29","3.32","6.7%","7"
"","Noel Caliskan","RSL","2024","DM","232","144","86.1%","84.8%","1.93","1.34","16.93","2.43","5.3%","5"
"","Lawson Sunderland","MIA","2024","CM","214","113","87.6%","85.9%","1.89","1.67","15.29","0.63","3.7%","5"
"","Luca Petrasso","ORL","2024","W","36","11","81.8%","65.2%","1.83","16.66","22.74","0.24","1.2%","2"
"","Jake Girdwood-Reich","STL","2024","CM","196","82","86.6%","84.4%","1.83","2.23","18.47","2.47","2.0%","8"
"","David Ruiz","MIA","2024","CM","1297","627","87.2%","87.0%","1.81","0.29","16.83","0.38","4.3%","28"
"","Eriq Zavaleta","LAG","2024","CB","182","97","89.7%","87.9%","1.78","1.83","19.02","6.89","3.2%","5"
"","CJ dos Santos","MIA","2024","GK","98","36","91.7%","86.8%","1.76","4.89","30.36","18.67","4.5%","1"
"","Emiro Garcés","LAG","2024","CB","464","241","91.3%","90.6%","1.70","0.71","19.25","4.21","4.3%","9"
"","Marlon","LAFC","2024","CB","152","85","92.9%","91.0%","1.67","1.96","21.96","3.98","3.4%","5"
"","Óscar Ustari","MIA","2024","GK","97","47","89.4%","85.8%","1.67","3.54","27.12","17.45","6.9%","1"
"","Patrick Yazbek","NSH","2024","CM","415","214","87.4%","86.7%","1.58","0.74","18.71","3.72","6.2%","7"
"","Déiber Caicedo","VAN","2024","W","154","49","83.7%","80.5%","1.56","3.19","17.33","-1.57","2.5%","5"
"","Lawrence Ennali","HOU","2024","W","53","21","95.2%","88.1%","1.49","7.11","16.63","-6.65","2.0%","2"
"","Rida Zouhir","MTL","2024","CM","215","137","87.6%","86.6%","1.43","1.04","16.87","1.60","3.3%","7"
"","Liel Abada","CLT","2024","W","1799","477","71.9%","71.6%","1.42","0.30","16.26","1.22","5.1%","24"
"","Wyatt Omsberg","CHI","2024","CB","939","660","85.0%","84.8%","1.40","0.21","23.23","8.85","9.6%","12"
"","Alexander Freeman","ORL","2024","FB","18","15","93.3%","84.1%","1.38","9.20","10.88","-1.19","1.1%","2"
"","Franco Fragapane","MIN","2024","W","987","403","82.4%","82.0%","1.37","0.34","15.66","1.57","3.8%","24"
"","Robert Taylor","MIA","2024","W","1787","619","80.1%","79.9%","1.36","0.22","15.94","-1.35","4.2%","27"
"","Ben Bender","CLT","2024","AM","228","61","78.7%","76.5%","1.34","2.19","18.71","3.58","2.5%","6"
"","Christian McFarlane","NYC","2024","FB","439","155","81.3%","80.4%","1.33","0.86","15.43","-1.90","3.9%","8"
"","Novak Micovic","LAG","2024","GK","200","70","92.9%","91.0%","1.33","1.89","25.22","16.73","4.2%","2"
"","David Ayala","POR","2024","DM","1664","894","85.8%","85.7%","1.32","0.15","23.51","4.43","6.1%","30"
"","Adolfo Enriquez","POR","2024","AM","10","8","100.0%","84.6%","1.23","15.43","23.46","0.86","1.4%","1"
"","Michael Edwards","COL","2024","CB","236","112","89.3%","88.2%","1.23","1.09","21.36","6.49","5.7%","4"
"","Cavan Sullivan","PHI","2024","AM","19","5","100.0%","75.8%","1.21","24.21","22.73","15.41","0.6%","3"
"","Nolan Norris","FCD","2024","CM","230","102","87.3%","86.1%","1.20","1.18","17.12","1.10","5.7%","4"
"","Marino Hinestroza","CLB","2024","AM","427","175","84.0%","83.3%","1.19","0.68","14.27","-2.62","2.3%","16"
"","Ryan Spaulding","NER","2024","FB","526","237","78.1%","77.6%","1.19","0.50","16.66","1.75","4.6%","11"
"","Isaiah Jones","NSH","2024","CM","27","13","92.3%","84.8%","0.97","7.49","22.67","5.13","1.6%","2"
"","Taha Habroune","CLB","2024","AM","120","54","87.0%","85.3%","0.95","1.76","13.32","0.12","2.1%","5"
"","Pep Biel","CLT","2024","W","649","239","74.9%","74.5%","0.92","0.38","19.07","1.78","6.5%","9"
"","Kristijan Kahlina","CLT","2024","GK","3471","1180","78.4%","78.3%","0.90","0.08","34.07","24.63","7.0%","34"
"","Brian Gutiérrez","CHI","2024","W","2668","1115","78.6%","78.6%","0.87","0.08","17.65","3.51","7.3%","32"
"","Jeremy Garay","DCU","2024","ST","19","6","100.0%","85.6%","0.86","14.41","12.32","-2.11","1.0%","2"
"","Alessandro Biello","MTL","2024","CM","24","12","100.0%","93.0%","0.84","7.02","15.88","4.58","1.2%","2"
"","Danny Leyva","SEA","2024","DM","282","180","80.0%","79.6%","0.80","0.44","19.99","3.89","2.9%","12"
"","Daniel Steres","HOU","2024","FB","1343","800","85.3%","85.2%","0.79","0.10","19.36","4.04","6.2%","21"
"","Adam Beaudry","COL","2024","GK","102","20","70.0%","66.1%","0.79","3.93","41.32","33.76","5.0%","1"
"","Luis Barraza","NYC","2024","GK","102","32","84.4%","81.9%","0.78","2.43","29.99","19.59","4.9%","1"
"","Tomas Pondeca","FCD","2024","AM","131","31","80.7%","78.2%","0.75","2.43","16.45","4.21","2.4%","3"
"","Cyprian Kachwele","VAN","2024","CM","6","2","50.0%","13.4%","0.73","36.59","6.24","6.09","0.4%","1"
"","Luke Brennan","ATL","2024","W","207","27","81.5%","78.8%","0.71","2.64","15.55","-2.77","1.8%","7"
"","Nicholas Scardina","CLT","2024","W","7","3","100.0%","76.2%","0.71","23.78","17.19","6.86","0.5%","1"
"","Marinos Tzionis","SKC","2024","W","322","93","81.7%","81.0%","0.71","0.76","15.46","-2.20","2.7%","9"
"","Andrew Tarbell","HOU","2024","GK","330","93","78.5%","77.8%","0.67","0.72","34.51","24.14","3.9%","4"
"","Tucker Lepley","LAG","2024","DM","56","17","94.1%","90.2%","0.67","3.92","19.19","3.87","1.2%","3"
"","Ryan Hollingshead","LAFC","2024","FB","2473","1293","81.6%","81.5%","0.66","0.05","19.42","3.21","8.5%","31"
"","Hugo Bacharach","MIN","2024","CB","104","59","89.8%","88.7%","0.66","1.11","23.51","7.37","10.3%","1"
"","Larrys Mabiala","POR","2024","CB","48","41","90.2%","88.7%","0.62","1.52","19.88","9.20","6.0%","1"
"","Nimfasha Berchimas","CLT","2024","W","40","6","100.0%","89.7%","0.62","10.26","7.53","-2.24","1.2%","3"
"","Michael Baldisimo","SJE","2024","CM","32","7","85.7%","77.0%","0.61","8.75","15.42","0.88","1.4%","2"
"","Tomás Ángel","LAFC","2024","ST","81","22","77.3%","74.6%","0.58","2.66","18.13","-0.21","0.9%","5"
"","Efrain Morales","ATL","2024","CB","288","160","88.1%","87.8%","0.57","0.36","21.96","4.32","7.6%","4"
"","John Klein","STL","2024","W","630","204","75.5%","75.2%","0.53","0.26","13.94","1.22","5.1%","10"
"","Zarek Valentin","MIN","2024","FB","67","11","72.7%","68.2%","0.50","4.53","22.78","7.23","0.7%","4"
"","Nick Firmino","ATL","2024","W","204","55","83.6%","82.8%","0.47","0.86","14.09","0.77","1.6%","8"
"","Jefferson Valverde","HOU","2024","FB","16","9","100.0%","94.9%","0.46","5.10","20.33","8.34","1.4%","1"
"","Sawyer Jura","POR","2024","FB","13","6","66.7%","59.0%","0.46","7.64","16.20","11.72","1.9%","1"
"","Malik Pinto","CIN","2024","CM","227","94","86.2%","85.7%","0.45","0.48","17.87","0.54","1.7%","11"
"","Bruno Wilson","SJE","2024","CB","1160","494","84.8%","84.7%","0.42","0.08","23.94","8.64","8.4%","13"
"","Danley Jean Jacques","PHI","2024","DM","502","184","82.6%","82.4%","0.38","0.21","20.03","4.47","5.5%","8"
"","Tsiki Ntsabeleng","FCD","2024","AM","1226","526","83.3%","83.2%","0.38","0.07","16.73","2.61","4.5%","25"
"","Brent Kallman","NSH","2024","CB","631","280","83.9%","83.8%","0.37","0.13","23.69","11.50","4.7%","13"
"","Rubén Ramos Jr.","LAG","2024","ST","19","5","80.0%","72.6%","0.37","7.36","10.77","-0.70","0.5%","2"
"","Joey Skinner","NSH","2024","W","14","4","75.0%","66.3%","0.35","8.72","20.34","5.48","0.6%","2"
"","Javier Casas","CHI","2024","CM","3","4","100.0%","92.2%","0.31","7.81","4.85","-1.29","0.7%","1"
"","Martín Rodríguez","DCU","2024","CM","1460","746","84.7%","84.7%","0.31","0.04","18.23","2.24","6.8%","25"
"","Cole Mrowka","CLB","2024","AM","5","2","100.0%","85.3%","0.29","14.73","31.90","19.61","0.4%","1"
"","Anthony Ramirez","FCD","2024","DM","13","4","75.0%","67.9%","0.28","7.08","19.73","-4.58","0.8%","1"
"","Zavier Gozo","RSL","2024","ST","19","3","100.0%","91.2%","0.26","8.83","22.47","-1.96","0.8%","1"
"","Carlos Harvey","MIN","2024","CB","1188","520","83.9%","83.8%","0.25","0.05","20.68","6.59","7.2%","18"
"","Matthew Bell","RSL","2024","W","24","12","91.7%","89.7%","0.23","1.94","15.62","-1.81","2.3%","1"
"","Ethan Finlay","ATX","2024","W","955","209","74.6%","74.5%","0.23","0.11","16.08","-1.70","2.3%","22"
"","Benjamin Cremaschi","MIA","2024","CM","1294","605","87.3%","87.2%","0.20","0.03","16.55","0.72","5.1%","22"
"","Omari Glasgow","CHI","2024","AM","49","20","55.0%","54.0%","0.19","0.97","21.89","6.28","2.3%","2"
"","Hassani Dotson","MIN","2024","CM","2520","1161","79.6%","79.6%","0.18","0.02","18.86","4.82","9.2%","29"
"","Zac McGraw","POR","2024","CB","988","598","84.6%","84.6%","0.16","0.03","22.49","6.90","8.4%","13"
"","Luka Gavran","TOR","2024","GK","913","283","75.3%","75.2%","0.13","0.05","34.47","25.93","5.4%","9"
"","Christopher Olney Jr.","PHI","2024","CM","27","8","87.5%","86.3%","0.10","1.21","10.19","-1.33","1.8%","1"
"","Wayne Frederick","COL","2024","AM","4","1","100.0%","90.3%","0.10","9.69","23.58","19.32","0.4%","1"
"","Édier Ocampo","VAN","2024","FB","201","59","74.6%","74.4%","0.09","0.16","18.11","-1.70","2.6%","6"
"","Marcos Dias","NER","2024","W","10","1","100.0%","96.1%","0.04","3.87","23.60","6.09","0.3%","1"
"","Idan Toklomati","CLT","2024","W","26","7","85.7%","85.3%","0.03","0.46","13.83","1.73","2.3%","1"
"","Emanuel Reynoso","MIN","2024","AM","36","22","72.7%","72.6%","0.03","0.13","14.78","5.01","4.9%","1"
"","McKinze Gaines","NSH, HOU","2024","W","361","94","73.4%","73.4%","0.03","0.03","14.69","-3.42","1.5%","15"
"","Talles Magno","NYC","2024","W","91","30","70.0%","70.0%","0.02","0.05","13.25","2.94","2.4%","3"
"","Andre Blake","PHI","2024","GK","1231","287","74.6%","74.6%","0.01","0.01","34.57","26.35","4.5%","14"
"","Jean Mota","MIA","2024","CM","32","12","83.3%","83.3%","0.01","0.07","13.91","1.40","1.0%","2"
"","Marvin Loría","POR","2024","AM","1","0","0.0%","0.0%","0.00","0.00","0.00","0.00","0.0%","1"
"","Will Richmond","SJE","2024","W","7","0","0.0%","0.0%","0.00","0.00","0.00","0.00","0.2%","1"
"","Piero Elias","NYC","2024","W","5","0","0.0%","0.0%","0.00","0.00","0.00","0.00","0.0%","1"
"","Stiven Jimenez","CIN","2024","AM","13","0","0.0%","0.0%","0.00","0.00","0.00","0.00","0.0%","1"
"","Mohanad Jeahze","DCU","2024","DM","5","0","0.0%","0.0%","0.00","0.00","0.00","0.00","0.2%","1"
"","Jamar Ricketts","SJE","2024","W","45","0","0.0%","0.0%","0.00","0.00","0.00","0.00","2.6%","1"
"","Chase Gasper","CHI","2024","FB","274","141","76.6%","76.6%","-0.00","-0.00","19.51","6.77","7.1%","4"
"","Omar Valencia","NYRB","2024","CM","7","4","75.0%","75.1%","-0.00","-0.07","11.61","3.83","1.4%","1"
"","Griffin Dorsey","HOU","2024","FB","2962","1370","78.5%","78.5%","-0.04","-0.00","18.21","-2.68","7.4%","32"
"","Jasper Löeffelsend","COL","2024","DM","453","207","81.2%","81.2%","-0.04","-0.02","18.13","1.49","2.6%","18"
"","Ayo Akinola","TOR","2024","ST","121","24","79.2%","79.3%","-0.04","-0.19","13.90","-1.70","1.3%","5"
"","Mykhi Joyner","STL","2024","W","50","3","66.7%","68.2%","-0.05","-1.54","6.96","-5.52","2.5%","1"
"","Rodrigues","SJE","2024","CB","3073","1538","85.4%","85.4%","-0.05","-0.00","23.20","9.09","10.9%","31"
"","Justin Reynolds","CHI","2024","FB","271","146","78.8%","78.8%","-0.05","-0.03","15.88","-0.55","3.2%","8"
"","Luis Müller","LAFC","2024","W","23","9","77.8%","78.4%","-0.05","-0.61","12.14","-6.03","0.5%","4"
"","London Aghedo","CIN","2024","CB","20","8","87.5%","88.5%","-0.08","-1.00","23.05","6.92","0.7%","2"
"","Scott Arfield","CLT","2024","AM","452","132","81.1%","81.1%","-0.08","-0.06","13.72","-0.35","2.2%","14"
"","Oleksandr Svatok","ATX","2024","CB","476","218","88.5%","88.6%","-0.11","-0.05","22.55","6.27","7.1%","6"
"","Kimani Stewart-Baynes","COL","2024","W","212","48","75.0%","75.3%","-0.12","-0.26","16.30","-1.95","1.2%","12"
"","Lamine Diack","COL","2024","W","43","10","80.0%","81.4%","-0.14","-1.37","11.99","5.31","0.9%","4"
"","Dominik Marczuk","RSL","2024","W","508","174","73.6%","73.6%","-0.14","-0.08","16.29","0.55","5.1%","8"
"","Kwadwo Opoku","MTL","2024","AM","596","173","84.4%","84.5%","-0.17","-0.10","15.19","-1.25","2.4%","16"
"","Russell Canouse","DCU","2024","CM","25","5","60.0%","63.5%","-0.18","-3.50","25.38","14.54","1.0%","2"
"","Damir Kreilach","VAN","2024","ST","558","128","82.0%","82.2%","-0.18","-0.14","14.18","-1.03","1.6%","17"
"","Alec Kann","CIN","2024","GK","303","82","76.8%","77.1%","-0.20","-0.24","33.07","23.57","4.5%","3"
"","Mark-Anthony Kaye","NER","2024","DM","1546","868","84.6%","84.6%","-0.21","-0.02","20.42","4.95","8.1%","21"
"","Paxton Pomykal","FCD","2024","CM","10","12","91.7%","93.5%","-0.23","-1.88","12.94","-0.32","2.0%","1"
"","Reed Baker-Whiting","SEA","2024","FB","932","470","80.2%","80.3%","-0.23","-0.05","18.56","0.10","4.3%","22"
"","Nathan","SEA","2024","CB","103","63","90.5%","90.8%","-0.24","-0.37","20.72","6.47","3.0%","4"
"","Abraham Romero","CLB","2024","GK","141","35","82.9%","83.5%","-0.24","-0.68","28.84","20.75","2.6%","2"
"","Shakur Mohammed","ORL","2024","CM","13","6","83.3%","87.4%","-0.24","-4.03","12.07","2.58","0.7%","2"
"","Célio Pompeu","STL","2024","W","1404","430","64.6%","64.7%","-0.26","-0.06","18.41","4.08","6.8%","17"
"","Antino Lopez","SEA","2024","AM","14","5","60.0%","65.4%","-0.27","-5.38","17.77","15.01","1.0%","1"
"","Evan Bush","CLB","2024","GK","147","55","76.4%","76.9%","-0.29","-0.52","29.49","22.37","4.8%","2"
"","Nicolas Fleuriau Chateau","VAN","2024","FB","50","7","57.1%","61.3%","-0.29","-4.14","11.41","-3.84","1.4%","2"
"","Derrick Jones","CLB","2024","CM","590","364","91.5%","91.6%","-0.29","-0.08","16.78","0.12","2.9%","20"
"","Matthew Edwards","ATL","2024","CB","6","2","50.0%","65.3%","-0.31","-15.35","8.06","5.29","0.6%","1"
"","Júnior Moreno","HOU","2024","DM","33","12","75.0%","77.6%","-0.32","-2.64","23.34","6.81","1.0%","2"
"","Franco Negri","MIA","2024","FB","876","469","80.4%","80.5%","-0.35","-0.08","17.24","2.45","7.3%","11"
"","Samuel Shashoua","MIN","2024","W","37","20","80.0%","82.0%","-0.39","-1.97","13.27","1.97","1.8%","3"
"","Kyle Hiebert","STL","2024","CB","1560","761","80.0%","80.1%","-0.40","-0.05","21.23","6.91","8.1%","20"
"","Yutaro Tsukada","ORL","2024","W","38","12","75.0%","78.4%","-0.41","-3.39","14.53","-0.69","1.0%","3"
"","David Schnegg","DCU","2024","FB","138","59","67.8%","68.5%","-0.41","-0.69","22.58","7.22","6.7%","2"
"","Hayden Sargis","DCU","2024","CB","37","15","86.7%","89.4%","-0.41","-2.75","17.17","4.80","3.8%","1"
"","Dylan Teves","SEA","2024","W","105","36","77.8%","79.0%","-0.43","-1.18","13.92","-0.56","1.4%","6"
"","Alejandro Bedoya","PHI","2024","CM","1677","755","75.0%","75.0%","-0.46","-0.06","16.96","4.26","5.4%","30"
"","Kage Romanshyn Jr","MIN","2024","W","16","5","60.0%","69.6%","-0.48","-9.60","11.70","6.65","1.1%","1"
"","Isaiah Foster","CIN","2024","FB","9","3","33.3%","49.4%","-0.48","-16.04","13.36","-12.99","0.7%","1"
"","Nathan Ordaz","LAFC","2024","W","481","104","80.8%","81.3%","-0.53","-0.51","14.20","-2.58","1.6%","17"
"","Brendan McSorley","STL","2024","ST","14","2","50.0%","77.5%","-0.55","-27.50","22.95","0.98","0.3%","1"
"","Roald Mitchell","NYRB","2024","ST","27","3","33.3%","51.9%","-0.56","-18.55","21.29","13.22","0.8%","2"
"","Loïc Mesanvi","MIN","2024","W","80","14","64.3%","68.4%","-0.57","-4.10","11.85","4.48","2.0%","3"
"","Alonso Jiménez","ATX","2024","DM","32","24","91.7%","94.2%","-0.60","-2.49","16.73","-1.97","2.1%","2"
"","Mohammed Sofo","NYRB","2024","W","33","11","72.7%","78.2%","-0.60","-5.45","10.32","1.92","3.0%","1"
"","Danny Musovski","SEA","2024","ST","656","129","74.4%","74.9%","-0.62","-0.48","14.17","-0.29","1.5%","24"
"","Ramiro Enrique","ORL","2024","ST","1229","265","76.6%","76.8%","-0.62","-0.23","14.50","0.37","3.3%","20"
"","Moses Nyeman","MIN","2024","DM","163","48","79.2%","80.6%","-0.67","-1.40","15.18","5.26","2.9%","4"
"","Malachi Jones","NYC","2024","W","579","145","69.0%","69.5%","-0.72","-0.50","17.77","1.31","3.2%","14"
"","Lassi Lappalainen","MTL","2024","FB","395","169","78.7%","79.1%","-0.75","-0.44","16.48","-0.24","3.2%","11"
"","James Pantemis","POR","2024","GK","1477","543","70.7%","70.9%","-0.75","-0.14","37.17","30.02","6.6%","15"
"","Tommy Silva","RSL","2024","FB","23","7","57.1%","68.0%","-0.76","-10.80","21.77","0.43","2.3%","1"
"","Levonte Johnson","VAN","2024","W","800","153","77.8%","78.3%","-0.76","-0.50","15.78","-1.60","1.9%","25"
"","Rory O'Driscoll","MIN","2024","ST","5","3","66.7%","93.7%","-0.81","-27.07","8.73","-5.98","0.8%","1"
"","Jay Joshua Herdman","VAN","2024","W","15","9","88.9%","98.0%","-0.82","-9.10","16.75","-2.16","1.3%","1"
"","Aleksey Miranchuk","ATL","2024","AM","852","352","75.3%","75.5%","-0.86","-0.24","20.87","4.48","8.3%","9"
"","Kalani Kossa-Rienzi","SEA","2024","FB","19","6","50.0%","64.8%","-0.88","-14.75","10.95","9.40","1.4%","1"
"","Sebastian Kowalczyk","HOU","2024","ST","2389","881","83.9%","84.0%","-0.89","-0.10","16.34","0.04","4.8%","33"
"","Bryant Farkarlun","ATX","2024","W","12","1","0.0%","91.0%","-0.91","-91.00","0.00","0.00","0.7%","1"
"","Cristian Dájome","DCU","2024","FB","2303","646","77.1%","77.2%","-0.91","-0.14","16.56","0.74","5.7%","31"
"","Matt Hedges","ATX","2024","CB","1018","445","85.4%","85.6%","-0.94","-0.21","22.79","8.59","6.3%","15"
"","Ervin Torres","ATX","2024","CM","14","4","50.0%","75.0%","-1.00","-24.99","21.90","0.92","0.5%","1"
"","Eugene Ansah","FCD","2024","AM","533","101","74.3%","75.3%","-1.03","-1.02","15.31","-1.95","1.5%","17"
"","Henry Wingo","TOR","2024","CB","194","104","85.6%","86.6%","-1.06","-1.02","19.25","3.24","5.1%","4"
"","Tyler Miller","DCU","2024","GK","527","202","45.1%","45.6%","-1.06","-0.52","56.25","50.39","9.2%","5"
"","Evan Louro","CIN","2024","GK","104","23","73.9%","78.8%","-1.13","-4.93","33.67","24.81","3.8%","1"
"","Javier Otero","ORL","2024","GK","81","21","71.4%","76.9%","-1.15","-5.49","35.46","26.80","3.2%","1"
"","Eduard Löwen","STL","2024","DM","2106","1357","74.9%","75.0%","-1.17","-0.09","21.36","7.45","12.4%","23"
"","Pedro Amador","ATL","2024","FB","915","474","76.6%","76.8%","-1.18","-0.25","19.82","3.46","11.2%","9"
"","Lukas MacNaughton","NSH","2024","CB","455","277","84.5%","84.9%","-1.23","-0.44","24.89","7.54","8.8%","6"
"","Malcolm Fry","NER","2024","ST","39","9","66.7%","80.5%","-1.25","-13.86","14.17","-3.68","1.4%","2"
"","Morris Duggan","MIN","2024","CB","61","24","70.8%","76.1%","-1.25","-5.23","25.26","14.05","3.0%","2"
"","Jack Panayotou","NER","2024","W","289","105","78.1%","79.3%","-1.26","-1.20","17.65","2.90","3.7%","6"
"","Benji Michel","RSL","2024","ST","39","15","66.7%","75.1%","-1.26","-8.41","14.81","-5.60","1.2%","2"
"","Boris Enow","DCU","2024","CM","348","137","82.5%","83.4%","-1.28","-0.94","20.02","4.75","4.6%","7"
"","Tommy McNamara","NER","2024","W","224","92","80.4%","81.8%","-1.29","-1.41","17.61","5.08","3.4%","5"
"","Aidan O'Connor","NYRB","2024","CB","37","7","28.6%","47.5%","-1.33","-18.98","16.05","15.12","1.4%","2"
"","Finn Surman","POR","2024","CB","98","46","82.6%","85.5%","-1.35","-2.93","24.13","7.61","8.2%","1"
"","Randall Leal","NSH","2024","W","65","29","75.9%","80.6%","-1.37","-4.71","17.52","3.31","1.3%","4"
"","Tom Pearce","MTL","2024","FB","284","150","73.3%","74.3%","-1.42","-0.95","20.49","0.09","3.1%","8"
"","Ralph Priso","VAN","2024","DM","550","231","84.9%","85.5%","-1.44","-0.63","18.84","3.00","3.5%","14"
"","Lachlan Brook","RSL","2024","W","279","84","77.4%","79.2%","-1.54","-1.83","19.86","2.04","2.8%","7"
"","Alec Smir","MIN","2024","GK","300","72","68.1%","70.2%","-1.57","-2.19","35.91","28.52","5.4%","3"
"","Jamie Paterson","CLT","2024","W","80","23","69.6%","76.6%","-1.62","-7.06","18.16","1.05","1.4%","4"
"","Tega Ikoba","POR","2024","ST","16","2","0.0%","81.8%","-1.64","-81.76","0.00","0.00","0.4%","2"
"","Niko Tsakiris","SJE","2024","DM","1611","699","83.8%","84.1%","-1.65","-0.24","17.44","1.99","6.3%","25"
"","Oliver Semmle","PHI","2024","GK","1633","441","67.8%","68.2%","-1.68","-0.38","37.39","29.63","5.1%","17"
"","Tarik Scott","FCD","2024","W","72","30","66.7%","72.3%","-1.68","-5.59","17.74","2.60","3.9%","2"
"","Spencer Richey","CHI","2024","GK","103","30","60.0%","65.6%","-1.68","-5.60","38.53","32.13","6.3%","1"
"","Carl Sainté","FCD","2024","DM","186","65","87.7%","90.3%","-1.70","-2.61","16.87","-1.32","2.7%","6"
"","Michael Halliday","ORL","2024","FB","155","64","75.0%","77.7%","-1.72","-2.68","15.46","2.57","2.5%","6"
"","Sota Kitahara","SEA","2024","FB","160","65","73.9%","76.5%","-1.72","-2.65","17.61","5.49","6.2%","2"
"","Herbert Endeley","FCD","2024","FB","134","44","79.5%","83.5%","-1.76","-3.99","18.25","-1.71","2.6%","4"
"","Julian Hall","NYRB","2024","ST","232","61","73.8%","76.7%","-1.79","-2.93","16.36","2.50","1.4%","11"
"","Ousman Jabang","MTL","2024","FB","15","8","37.5%","59.9%","-1.79","-22.39","19.54","16.48","2.1%","1"
"","Javain Brown","VAN, RSL","2024","CB","1463","840","78.6%","78.8%","-1.82","-0.22","22.43","4.17","7.4%","22"
"","Cassius Mailula","TOR","2024","AM","30","10","60.0%","78.3%","-1.83","-18.30","12.57","-2.92","1.3%","2"
"","Brandon Cambridge","CLT","2024","W","48","14","35.7%","48.9%","-1.85","-13.20","16.17","-0.97","0.8%","4"
"","Federico Navarro","CHI","2024","DM","791","352","86.4%","86.9%","-1.91","-0.54","18.99","1.89","4.8%","16"
"","Ousseni Bouda","SJE","2024","ST","433","101","78.2%","80.1%","-1.91","-1.89","14.69","-2.31","2.2%","12"
"","Dominique Badji","DCU","2024","ST","349","75","72.0%","74.6%","-1.91","-2.55","13.19","-1.61","2.1%","9"
"","Patrick Weah","MIN","2024","ST","53","11","54.5%","72.2%","-1.95","-17.69","17.37","5.40","1.1%","3"
"","Drake Callender","MIA","2024","GK","3273","1116","80.8%","81.0%","-1.95","-0.17","30.42","21.22","5.7%","32"
"","Andrés Gómez","RSL","2024","W","2018","600","67.5%","67.8%","-1.97","-0.33","16.81","0.55","6.8%","23"
"","Nicholas Gioacchini","CIN","2024","ST","492","108","79.6%","81.5%","-2.01","-1.86","12.43","-2.40","3.2%","8"
"","Jacob Jackson","SJE","2024","GK","293","100","75.0%","77.1%","-2.11","-2.11","34.71","23.87","6.3%","3"
"","David Martínez","LAFC","2024","W","540","194","78.9%","80.0%","-2.15","-1.11","20.68","1.60","2.9%","17"
"","Aljaž Ivačič","NER","2024","GK","2512","784","68.8%","69.0%","-2.23","-0.28","40.62","31.75","5.8%","25"
"","Caden Glover","STL","2024","ST","83","9","44.4%","69.6%","-2.26","-25.15","10.47","-2.89","0.6%","5"
"","Hosei Kijima","STL","2024","W","927","238","73.1%","74.1%","-2.30","-0.97","14.82","3.47","4.1%","18"
"","José Martínez","PHI","2024","DM","1139","538","78.8%","79.2%","-2.31","-0.43","21.91","8.09","7.5%","16"
"","Yuya Kubo","CIN","2024","ST","2687","949","82.3%","82.5%","-2.36","-0.25","16.82","0.66","6.2%","32"
"","Ryan Sailor","MIA","2024","CB","390","197","86.3%","87.5%","-2.37","-1.20","22.72","3.56","3.7%","9"
"","Jose Casas de Abadal","MIA","2024","W","45","30","76.7%","84.8%","-2.44","-8.13","16.54","1.96","2.1%","2"
"","Charles Sharp","TOR","2024","ST","36","7","14.3%","49.7%","-2.48","-35.41","7.18","-5.06","1.5%","2"
"","Thomas Hasal","LAFC","2024","GK","104","32","65.6%","73.5%","-2.50","-7.83","36.27","27.14","5.5%","1"
"","Oscar Verhoeven","SJE","2024","FB","434","201","78.6%","79.9%","-2.55","-1.27","19.18","3.63","7.2%","6"
"","Nicholas Hagen","CLB","2024","GK","376","130","80.8%","82.7%","-2.55","-1.97","28.45","21.01","4.8%","4"
"","Jack Skahan","SJE","2024","CM","1010","274","75.5%","76.5%","-2.60","-0.95","17.88","1.55","2.4%","29"
"","Joaquín Fernández","SKC","2024","CB","122","66","80.3%","84.3%","-2.61","-3.95","22.79","6.69","6.8%","2"
"","Giuseppe Bovalina","VAN","2024","FB","230","54","66.7%","71.6%","-2.69","-4.97","19.64","0.43","1.2%","11"
"","Chris Durkin","STL","2024","DM","2577","1044","75.0%","75.3%","-2.73","-0.26","20.37","7.69","8.6%","28"
"","Markus Anderson","PHI","2024","CM","119","12","41.7%","64.5%","-2.74","-22.84","13.58","-1.12","1.5%","4"
"","Marcelo Silva","RSL","2024","CB","212","104","80.8%","83.4%","-2.77","-2.67","21.10","9.61","6.4%","3"
"","Lewis Morgan","NYRB","2024","ST","2717","741","71.7%","72.0%","-2.80","-0.38","18.02","1.56","6.6%","29"
"","Martín Ojeda","ORL","2024","AM","2127","1060","74.8%","75.1%","-2.83","-0.27","20.58","-0.66","5.9%","34"
"","Isaac Boehmer","VAN","2024","GK","107","36","47.2%","55.1%","-2.85","-7.92","48.73","42.25","7.8%","1"
"","Santiago Rodríguez","NYC","2024","AM","3172","1671","77.2%","77.4%","-2.86","-0.17","18.94","2.58","10.9%","32"
"","Felipe Hernández","SKC","2024","CM","446","159","81.1%","82.9%","-2.87","-1.81","18.25","0.98","4.4%","7"
"","Jacob Murrell","DCU","2024","ST","1113","169","66.9%","68.6%","-2.92","-1.72","15.17","0.17","2.0%","27"
"","Georgi Minoungou","SEA","2024","W","424","121","70.3%","72.7%","-2.92","-2.41","16.90","-2.60","3.5%","10"
"","Andrew Rick","PHI","2024","GK","615","160","56.3%","58.1%","-2.95","-1.84","45.72","38.05","5.8%","6"
"","Nathan Saliba","MTL","2024","CM","1846","1007","86.0%","86.3%","-2.98","-0.30","18.52","3.20","7.6%","24"
"","Tyler Wolff","ATL","2024","W","594","181","79.6%","81.2%","-3.05","-1.68","15.92","0.73","2.5%","18"
"","Osman Bukari","ATX","2024","W","676","155","66.5%","68.4%","-3.08","-1.99","16.97","0.29","4.9%","9"
"","Léo Chú","SEA","2024","W","776","198","72.7%","74.3%","-3.10","-1.57","14.74","-1.20","3.6%","14"
"","Chris Donovan","PHI","2024","ST","511","125","60.8%","63.3%","-3.11","-2.49","12.98","1.62","1.9%","18"
"","Raúl Ruidíaz","SEA","2024","ST","1504","420","81.4%","82.2%","-3.22","-0.77","17.65","-0.96","4.1%","24"
"","Peyton Miller","NER","2024","FB","743","346","77.5%","78.4%","-3.23","-0.93","19.29","1.70","7.0%","10"
"","Kipp Keller","CIN","2024","CB","945","625","87.2%","87.7%","-3.31","-0.53","21.30","5.37","6.8%","16"
"","Steve Clark","HOU","2024","GK","3118","897","83.7%","84.1%","-3.37","-0.38","28.37","19.10","4.6%","31"
"","Brandon Servania","TOR","2024","CM","78","30","63.3%","74.8%","-3.45","-11.50","17.21","5.46","2.3%","3"
"","Miguel Berry","LAG","2024","ST","1009","168","69.6%","71.7%","-3.53","-2.10","12.61","0.19","1.2%","31"
"","Dominic Iankov","MTL","2024","AM","814","227","78.0%","79.5%","-3.54","-1.56","14.65","1.64","2.7%","21"
"","Eric Miller","POR","2024","FB","1196","546","79.8%","80.5%","-3.61","-0.66","18.93","1.95","4.1%","25"
"","Logan Farrington","FCD","2024","ST","1455","349","75.4%","76.4%","-3.63","-1.04","14.00","0.65","3.3%","29"
"","Jack Lynn","ORL","2024","ST","322","73","69.9%","74.9%","-3.65","-5.00","13.42","1.61","1.5%","11"
"","Hugo Lloris","LAFC","2024","GK","3336","1096","71.5%","71.9%","-3.66","-0.33","38.27","28.58","6.0%","33"
"","Serge Ngoma","NYRB","2024","W","182","49","67.3%","75.0%","-3.73","-7.61","17.39","-1.86","1.5%","8"
"","Maxi Moralez","NYC","2024","AM","1016","675","78.7%","79.2%","-3.88","-0.58","18.17","2.82","6.9%","17"
"","Pablo Ruiz","RSL","2024","AM","194","104","69.2%","73.0%","-3.89","-3.74","21.10","5.30","6.5%","3"
"","Richie Laryea","TOR","2024","FB","1018","360","80.8%","81.9%","-3.97","-1.10","17.69","1.84","7.2%","12"
"","Bernard Kamungo","FCD","2024","AM","1525","366","77.0%","78.1%","-4.04","-1.10","16.02","-0.98","3.4%","29"
"","Gavin Beavers","RSL","2024","GK","1134","362","76.5%","77.6%","-4.06","-1.12","32.81","23.74","5.7%","11"
"","Henrich Ravas","NER","2024","GK","814","233","69.1%","70.9%","-4.08","-1.75","36.97","28.14","4.8%","8"
"","Andrew Thomas","SEA","2024","GK","682","154","61.0%","63.7%","-4.09","-2.65","38.54","30.61","4.4%","7"
"","Esmir Bajraktarevic","NER","2024","W","2192","784","77.9%","78.5%","-4.15","-0.53","18.08","-0.41","6.0%","29"
"","Maikel Chang","RSL","2024","W","497","230","69.6%","71.4%","-4.18","-1.82","20.30","1.06","2.0%","22"
"","Tyler Boyd","NSH","2024","W","1246","359","74.9%","76.1%","-4.20","-1.17","18.97","1.84","4.2%","21"
"","Victor Eriksson","MIN","2024","CB","198","84","77.4%","82.4%","-4.24","-5.05","22.25","8.13","4.1%","4"
"","CJ Fodrey","ATX","2024","W","257","81","59.3%","64.7%","-4.40","-5.43","17.24","0.87","1.8%","12"
"","Diego Gómez","MIA","2024","W","1512","608","80.9%","81.6%","-4.40","-0.72","17.60","1.42","6.5%","19"
"","Erik Sviatchenko","HOU","2024","CB","2713","1481","83.2%","83.5%","-4.55","-0.31","22.51","7.24","7.8%","31"
"","Ema Twumasi","FCD","2024","FB","1351","642","85.0%","85.8%","-4.58","-0.71","16.58","0.24","6.6%","19"
"","Xherdan Shaqiri","CHI","2024","AM","820","414","73.7%","74.8%","-4.62","-1.12","21.83","4.30","6.4%","12"
"","Sam Adeniran","PHI, STL","2024","ST","873","162","69.8%","72.6%","-4.66","-2.87","15.40","-0.95","2.3%","24"
"","Kévin Cabral","COL","2024","W","1463","344","75.9%","77.2%","-4.67","-1.36","15.00","-0.14","4.0%","23"
"","Sebastian Breza","MTL","2024","GK","102","37","43.2%","56.1%","-4.77","-12.90","43.19","37.04","11.6%","1"
"","Dairon Asprilla","POR","2024","ST","818","252","75.4%","77.3%","-4.79","-1.90","14.81","-2.24","3.2%","19"
"","Indiana Vassilev","STL","2024","W","2075","693","73.5%","74.2%","-4.88","-0.70","19.27","0.50","6.0%","29"
"","Brecht Dejaegere","CLT","2024","W","1063","309","72.2%","73.8%","-4.90","-1.58","16.77","1.67","4.1%","20"
"","Alejandro Bran","MIN","2024","CM","476","212","82.1%","84.4%","-4.90","-2.31","20.00","3.88","4.3%","11"
"","Sebastian Anderson","COL","2024","FB","588","274","73.7%","75.5%","-4.92","-1.80","19.07","4.17","6.3%","9"
"","Shane O'Neill","TOR","2024","CB","1289","589","79.6%","80.5%","-4.99","-0.85","20.13","6.59","5.9%","20"
"","Arnaud Souquet","CHI","2024","CB","2113","1344","81.7%","82.1%","-5.03","-0.37","19.73","5.38","9.6%","26"
"","Alfredo Morales","SJE","2024","DM","779","367","82.3%","83.7%","-5.11","-1.39","18.18","4.49","3.5%","23"
"","Emmanuel Boateng","NER","2024","W","830","243","73.3%","75.4%","-5.24","-2.16","16.97","-0.34","2.3%","23"
"","Michael Wentzel","STL","2024","CB","208","78","71.8%","78.5%","-5.24","-6.72","25.04","10.27","4.4%","4"
"","Dawid Bugaj","MTL","2024","FB","179","56","71.4%","80.8%","-5.26","-9.39","14.67","-0.75","2.2%","5"
"","Kristian Fletcher","DCU","2024","W","338","114","71.0%","75.7%","-5.26","-4.61","15.64","-2.64","2.6%","13"
"","Wikelman Carmona","NYRB","2024","W","1782","600","78.0%","78.9%","-5.30","-0.88","18.56","3.28","6.5%","24"
"","Forster Ajago","NSH","2024","ST","469","83","67.5%","73.9%","-5.31","-6.40","16.34","-3.63","2.3%","12"
"","Diogo Gonçalves","RSL","2024","AM","628","233","71.7%","74.0%","-5.33","-2.29","18.94","0.74","5.2%","9"
"","Elliot Panicco","NSH","2024","GK","491","140","62.9%","66.8%","-5.46","-3.90","39.09","30.80","4.7%","6"
"","Shanyder Borgelin","MIA","2024","ST","184","31","51.6%","69.4%","-5.52","-17.80","14.54","-3.18","1.4%","6"
"","Gabe Segal","HOU","2024","ST","279","50","72.0%","83.2%","-5.58","-11.17","13.89","-2.28","0.8%","13"
"","Kei Kamara","LAFC","2024","ST","1168","208","71.6%","74.4%","-5.74","-2.76","16.04","-1.69","2.0%","27"
"","Jovan Mijatović","NYC","2024","ST","338","62","67.7%","77.0%","-5.77","-9.30","16.07","-0.11","1.4%","11"
"","Benji Kikanović","SJE","2024","FB","1391","487","71.5%","72.6%","-5.77","-1.19","16.48","3.30","5.1%","24"
"","Cristian Olivera","LAFC","2024","W","1866","431","69.6%","71.0%","-5.80","-1.34","16.49","-1.00","5.9%","21"
"","Jonathan Dean","CHI","2024","FB","1304","521","79.1%","80.2%","-5.90","-1.13","16.80","0.11","4.4%","24"
"","Corey Baird","CIN","2024","ST","1089","232","79.7%","82.3%","-6.02","-2.59","13.44","-1.74","2.3%","22"
"","Jordan Adebayo-Smith","MIN","2024","ST","329","53","66.0%","77.5%","-6.05","-11.41","13.15","-1.93","1.4%","11"
"","Tai Baribo","PHI","2024","ST","1587","324","79.6%","81.5%","-6.11","-1.89","13.85","-1.86","4.5%","20"
"","Victor Wanyama","MTL","2024","CM","474","260","86.9%","89.3%","-6.17","-2.37","17.05","2.39","3.9%","12"
"","Damion Lowe","PHI","2024","CB","1100","491","77.8%","79.1%","-6.29","-1.28","24.91","10.94","9.6%","12"
"","Allan Arigoni","CHI","2024","FB","2377","1229","79.2%","79.7%","-6.37","-0.52","18.37","2.98","8.8%","28"
"","Jeremy Rafanello","PHI","2024","AM","396","140","74.3%","78.8%","-6.38","-4.56","17.64","3.50","2.9%","11"
"","Cody Baker","SEA","2024","FB","566","308","75.6%","77.7%","-6.42","-2.09","17.85","2.29","4.6%","13"
"","Jesús Bueno","PHI","2024","CM","738","311","80.1%","82.2%","-6.59","-2.12","18.29","0.90","5.2%","14"
"","Ian Fray","MIA","2024","FB","765","327","84.4%","86.4%","-6.60","-2.02","20.76","0.98","5.0%","14"
"","Anthony Markanich","STL, MIN","2024","FB","1545","724","72.1%","73.0%","-6.73","-0.93","18.47","6.75","8.0%","21"
"","Alenis Vargas","SKC","2024","W","736","163","71.2%","75.3%","-6.77","-4.16","15.33","-0.80","2.3%","20"
"","Alonso Martínez","NYC","2024","ST","1668","293","78.2%","80.5%","-6.78","-2.31","12.34","-1.49","2.7%","26"
"","Carlos Terán","CHI","2024","CB","1373","889","82.8%","83.6%","-6.86","-0.77","25.14","9.12","9.3%","18"
"","Nikolas Dyhr","STL","2024","FB","166","83","63.9%","72.2%","-6.92","-8.34","18.38","9.61","3.4%","5"
"","Rasmus Alm","STL","2024","W","962","231","64.5%","67.5%","-6.95","-3.01","18.06","1.73","3.0%","20"
"","Dániel Gazdag","PHI","2024","AM","2807","1066","80.8%","81.5%","-7.22","-0.68","16.42","1.54","7.8%","30"
"","John Pulskamp","SKC","2024","GK","603","146","61.6%","66.6%","-7.22","-4.94","39.32","32.28","4.5%","6"
"","Yannick Bright","MIA","2024","CM","1624","763","87.0%","88.0%","-7.24","-0.95","17.73","2.29","6.3%","23"
"","Ryan Meara","NYRB","2024","GK","710","185","62.7%","66.6%","-7.29","-3.94","38.73","32.10","4.9%","7"
"","Bill Tuiloma","CLT","2024","CB","225","145","77.2%","82.3%","-7.35","-5.07","27.23","13.35","7.5%","4"
"","Aaron Boupendza","CIN","2024","ST","655","145","70.3%","75.5%","-7.42","-5.12","13.80","1.39","2.7%","14"
"","Olivier Giroud","LAFC","2024","ST","663","151","72.9%","77.8%","-7.49","-4.96","12.75","-2.70","3.5%","10"
"","Georgios Koutsias","CHI","2024","ST","1018","163","71.8%","76.4%","-7.50","-4.60","14.97","-4.71","1.4%","30"
"","Nathan Fogaça","POR","2024","ST","285","44","61.4%","78.4%","-7.50","-17.04","13.49","-1.14","0.9%","16"
"","Sunusi Ibrahim","MTL","2024","ST","1181","309","78.3%","80.8%","-7.51","-2.43","16.73","0.32","2.9%","25"
"","Fabian Herbers","CHI","2024","CM","2329","1048","82.6%","83.4%","-7.65","-0.73","17.04","1.75","7.0%","30"
"","Jackson Hopkins","DCU","2024","DM","1091","376","78.7%","80.8%","-7.72","-2.05","19.35","4.15","5.2%","17"
"","Latif Blessing","HOU","2024","W","1142","327","80.4%","82.8%","-7.73","-2.36","14.29","-0.63","2.5%","27"
"","Anderson Julio","RSL","2024","ST","1596","255","77.3%","80.3%","-7.75","-3.04","15.21","-2.78","2.2%","33"
"","Joaquín Sosa","MTL","2024","CB","1417","902","83.3%","84.1%","-7.89","-0.87","19.60","4.39","8.1%","19"
"","Mateusz Bogusz","LAFC","2024","ST","2871","1093","79.0%","79.8%","-8.03","-0.73","19.25","-0.07","7.4%","32"
"","Simon Becher","STL","2024","ST","610","126","70.6%","77.0%","-8.08","-6.41","13.47","-1.83","4.1%","9"
"","Jackson Travis","COL","2024","FB","539","280","79.3%","82.2%","-8.11","-2.90","17.07","2.94","6.1%","9"
"","Enzo Copetti","CLT","2024","ST","554","124","67.7%","74.3%","-8.12","-6.55","13.22","-0.11","3.4%","9"
"","Nikola Petkovic","CLT","2024","CM","578","164","72.0%","76.9%","-8.15","-4.97","18.25","0.01","3.0%","14"
"","Jamal Thiaré","ATL","2024","ST","1311","159","64.8%","70.0%","-8.22","-5.17","13.23","0.24","2.2%","25"
"","Mason Toye","POR, MTL","2024","ST","725","136","72.8%","78.9%","-8.30","-6.11","15.41","-1.96","1.8%","17"
"","Ariel Lassiter","CHI, MTL","2024","FB","2279","947","79.9%","80.8%","-8.40","-0.89","17.46","-1.23","6.4%","27"
"","Bobby Wood","NER","2024","ST","651","122","72.1%","79.0%","-8.41","-6.89","15.21","-2.65","1.8%","18"
"","Raheem Edwards","MTL","2024","FB","1723","992","80.0%","80.9%","-8.50","-0.86","18.04","2.98","7.7%","25"
"","Luca Langoni","NER","2024","W","761","186","74.2%","78.8%","-8.54","-4.59","16.95","-0.55","4.3%","11"
"","Nökkvi Thórisson","STL","2024","W","1419","326","70.3%","72.9%","-8.60","-2.64","15.06","-0.62","3.0%","30"
"","Kevin Kelsy","CIN","2024","ST","1394","242","73.1%","76.7%","-8.60","-3.55","13.80","-0.67","2.9%","23"
"","Jonathan Rodríguez","POR","2024","W","2723","751","74.8%","76.0%","-8.63","-1.15","15.92","-1.86","6.0%","29"
"","Daniel Ríos","ATL","2024","ST","1564","332","75.0%","77.6%","-8.67","-2.61","14.75","-1.78","3.1%","27"
"","Bongokuhle Hlongwane","MIN","2024","W","2144","575","73.7%","75.3%","-8.67","-1.51","15.36","1.95","5.4%","32"
"","Preston Judd","SJE","2024","ST","858","135","64.4%","71.2%","-9.05","-6.70","15.63","0.37","1.5%","26"
"","Cristian Espinoza","SJE","2024","W","3275","1507","67.0%","67.6%","-9.08","-0.60","19.35","0.94","9.9%","34"
"","Gyasi Zardes","ATX","2024","ST","1411","271","70.1%","73.5%","-9.26","-3.42","13.80","-0.72","2.3%","33"
"","Julián Fernández","NYC","2024","W","808","326","73.6%","76.5%","-9.40","-2.88","17.36","-0.14","3.3%","21"
"","Teemu Pukki","MIN","2024","ST","1064","174","69.0%","74.4%","-9.52","-5.47","14.09","-1.29","2.7%","21"
"","Yamil Asad","CIN","2024","FB","975","628","79.6%","81.1%","-9.54","-1.52","16.99","0.99","5.0%","23"
"","Jesús Ferreira","FCD","2024","AM","1471","689","76.6%","78.0%","-9.60","-1.39","17.71","1.86","5.7%","22"
"","Omar Campos","LAFC","2024","FB","1826","846","78.4%","79.5%","-9.72","-1.15","18.84","1.72","6.3%","27"
"","Gastón Giménez","CHI","2024","DM","1940","1103","84.7%","85.6%","-9.79","-0.89","21.18","4.69","7.3%","29"
"","Ezequiel Ponce","HOU","2024","ST","810","171","77.2%","82.9%","-9.82","-5.74","11.64","-2.69","3.7%","10"
"","Dennis Gjengaar","NYRB","2024","W","1102","273","70.7%","74.3%","-9.88","-3.62","16.13","1.49","2.7%","25"
"","Darren Yapi","COL","2024","ST","939","158","67.7%","74.0%","-9.88","-6.25","12.91","-0.18","1.6%","31"
"","Jon Gallagher","ATX","2024","FB","3014","1300","77.7%","78.5%","-10.15","-0.78","20.87","1.24","8.5%","32"
"","Diego Rubio","ATX","2024","ST","2097","531","73.3%","75.2%","-10.16","-1.91","16.74","2.05","4.1%","33"
"","Sergio Santos","CIN","2024","ST","1114","311","72.7%","76.0%","-10.43","-3.35","13.72","-0.85","2.6%","28"
"","Sebastián Ferreira","HOU","2024","ST","838","211","77.3%","82.2%","-10.46","-4.96","13.26","-2.19","2.3%","18"
"","Leo Afonso","MIA","2024","W","326","97","66.0%","76.8%","-10.48","-10.81","14.82","-0.18","2.0%","11"
"","Alvas Powell","CIN","2024","CB","908","402","76.1%","78.7%","-10.54","-2.62","23.14","6.41","4.3%","20"
"","Jeremy Ebobisse","SJE","2024","ST","2117","536","78.4%","80.4%","-10.81","-2.02","16.15","-0.03","4.2%","31"
"","Stephen Afrifa","SKC","2024","W","914","230","73.9%","78.6%","-10.86","-4.72","14.02","-1.13","3.0%","24"
"","Obed Vargas","SEA","2024","DM","2841","1210","83.8%","84.7%","-10.93","-0.90","16.40","0.91","8.4%","30"
"","Deandre Kerr","TOR","2024","ST","1133","155","73.6%","80.6%","-10.95","-7.07","14.48","-1.99","2.0%","26"
"","Tomás Chancalay","NER","2024","W","1066","352","73.0%","76.1%","-11.06","-3.14","22.12","1.61","6.1%","12"
"","Patrickson Delgado","FCD","2024","CM","1296","608","81.3%","83.1%","-11.15","-1.83","18.12","1.52","5.6%","23"
"","Matías Cóccaro","MTL","2024","ST","1032","228","69.3%","74.2%","-11.27","-4.94","15.61","-0.19","2.7%","22"
"","Cedric Teuchert","STL","2024","ST","840","207","69.1%","74.6%","-11.34","-5.48","16.91","2.08","5.4%","10"
"","Vitor Costa","SJE","2024","FB","2321","1034","76.8%","77.9%","-11.48","-1.11","20.08","3.14","8.2%","29"
"","Georgios Giakoumakis","ATL","2024","ST","807","149","73.8%","81.5%","-11.49","-7.71","14.97","-0.96","3.8%","11"
"","Jake Davis","SKC","2024","FB","2476","1469","78.6%","79.4%","-11.73","-0.80","19.45","4.96","10.2%","27"
"","Jules-Anthony Vilsaint","MTL","2024","AM","943","223","78.0%","83.3%","-11.77","-5.28","16.23","-0.95","2.7%","19"
"","Saba Lobjanidze","ATL","2024","W","2728","774","69.9%","71.4%","-11.81","-1.53","16.44","-0.48","6.0%","30"
"","Dénis Bouanga","LAFC","2024","W","3074","735","68.8%","70.5%","-11.85","-1.61","17.75","0.26","7.4%","32"
"","Derrick Etienne Jr.","TOR, ATL","2024","AM","1847","687","78.6%","80.3%","-11.93","-1.74","19.13","-0.83","5.6%","25"
"","Zack Steffen","COL","2024","GK","3364","1054","70.0%","71.2%","-12.10","-1.15","39.19","30.74","5.9%","33"
"","Obinna Nwobodo","CIN","2024","CM","2762","1392","85.8%","86.7%","-12.13","-0.87","18.69","2.88","8.4%","30"
"","Conner Antley","DCU","2024","FB","507","203","66.5%","72.5%","-12.19","-6.00","19.97","8.26","7.2%","7"
"","Josh Atencio","SEA","2024","DM","1225","750","79.5%","81.2%","-12.63","-1.68","18.35","3.59","7.0%","22"
"","Ruan","FCD, MTL","2024","FB","2708","1110","80.2%","81.3%","-12.78","-1.15","16.55","-2.11","6.7%","31"
"","Tom Barlow","CHI","2024","ST","941","186","67.2%","74.1%","-12.89","-6.93","14.09","-1.50","1.6%","28"
"","Tate Schmitt","HOU","2024","FB","527","365","73.4%","77.0%","-12.90","-3.53","21.49","4.01","3.7%","16"
"","Pedro Santos","DCU","2024","FB","2085","951","68.3%","69.7%","-12.99","-1.37","21.68","6.68","7.7%","30"
"","Edwin Mosquera","ATL","2024","W","771","273","69.2%","74.0%","-13.02","-4.77","17.57","-0.87","2.9%","22"
"","Matías Rojas","MIA","2024","W","901","409","79.5%","82.7%","-13.36","-3.27","18.86","2.95","4.9%","14"
"","Kelvin Yeboah","MIN","2024","ST","786","136","65.4%","75.4%","-13.53","-9.95","13.55","-1.37","4.9%","9"
"","Keegan Rosenberry","COL","2024","FB","2957","1679","74.5%","75.3%","-13.61","-0.81","20.88","6.07","10.3%","31"
"","Leonardo Campana","MIA","2024","ST","1468","385","76.6%","80.3%","-13.98","-3.63","14.65","-1.94","2.9%","28"
"","Cristhian Paredes","POR","2024","DM","1562","658","81.2%","83.3%","-14.15","-2.15","18.35","3.47","4.4%","31"
"","Chris Brady","CHI","2024","GK","3385","925","71.2%","72.8%","-14.16","-1.53","36.53","27.85","5.1%","33"
"","Dylan Nealis","NYRB","2024","FB","2659","1398","75.4%","76.4%","-14.25","-1.02","20.99","4.90","10.0%","30"
"","Dante Sealy","FCD","2024","FB","984","336","75.9%","80.2%","-14.52","-4.32","17.77","-0.92","4.8%","17"
"","Sean Johnson","TOR","2024","GK","2542","859","71.5%","73.2%","-14.63","-1.70","34.88","26.64","6.1%","25"
"","Kyle Duncan","NYRB","2024","FB","1446","690","74.5%","76.6%","-14.80","-2.14","17.85","2.75","7.4%","21"
"","Frankie Amaya","NYRB","2024","CM","1807","843","81.1%","82.9%","-14.81","-1.76","20.88","5.81","8.9%","20"
"","João Pedro","CLT","2024","FB","512","315","74.0%","78.7%","-14.89","-4.73","20.40","3.44","9.8%","7"
"","Joseph Rosales","MIN","2024","FB","2680","1446","69.9%","71.0%","-15.08","-1.04","20.33","2.87","11.4%","30"
"","Duncan McGuire","ORL","2024","ST","1841","335","71.6%","76.2%","-15.34","-4.58","13.91","-1.72","3.0%","27"
"","William Agada","SKC","2024","ST","1947","433","78.3%","81.9%","-15.61","-3.60","15.26","-3.41","3.4%","32"
"","Teal Bunbury","NSH","2024","ST","1308","336","70.8%","75.5%","-15.61","-4.65","15.44","-1.45","3.1%","27"
"","Julián Carranza","PHI","2024","ST","1224","279","71.3%","77.0%","-15.68","-5.62","13.86","-0.33","7.6%","12"
"","Caden Clark","MIN, MTL","2024","FB","1915","639","73.9%","76.4%","-15.97","-2.50","16.57","2.32","4.9%","32"
"","Gabriel Pirani","DCU","2024","W","1599","436","75.7%","79.4%","-16.24","-3.72","14.41","0.98","3.6%","33"
"","Paul Arriola","FCD","2024","FB","2747","1098","76.4%","77.9%","-16.37","-1.49","18.08","3.49","7.3%","31"
"","Erik Thommy","SKC","2024","CM","2576","1109","78.8%","80.3%","-16.55","-1.49","17.93","-0.60","8.0%","30"
"","Patrick Agyemang","CLT","2024","ST","2070","225","68.9%","76.4%","-16.82","-7.48","13.54","-0.77","3.1%","31"
"","Júnior Urso","CLT","2024","DM","1171","399","81.7%","86.0%","-17.04","-4.27","17.42","0.59","4.7%","21"
"","Jared Stroud","DCU","2024","W","2749","887","67.9%","69.8%","-17.05","-1.92","16.63","0.75","6.8%","33"
"","Bryce Duke","MTL","2024","AM","2379","1240","80.5%","81.9%","-17.12","-1.38","15.72","1.20","7.3%","32"
"","Pedro de la Vega","SEA","2024","W","740","291","71.8%","77.7%","-17.21","-5.91","18.24","1.33","4.0%","16"
"","Julian Gressel","MIA","2024","W","2521","1201","79.1%","80.5%","-17.37","-1.45","19.21","1.02","6.1%","32"
"","Tani Oluwaseyi","MIN","2024","ST","1262","202","60.4%","69.0%","-17.41","-8.62","14.15","0.53","2.7%","25"
"","Brandt Bronico","CLT","2024","AM","1924","521","76.4%","79.8%","-17.59","-3.38","18.10","1.67","5.0%","25"
"","Andrew Gutman","CHI","2024","FB","792","372","72.0%","76.8%","-17.69","-4.76","22.25","4.03","7.5%","11"
"","Alan Velasco","FCD","2024","W","419","160","70.6%","81.7%","-17.70","-11.06","19.24","2.39","4.4%","8"
"","João Klauss","STL","2024","ST","2186","554","67.5%","70.7%","-17.90","-3.23","14.47","1.58","5.5%","27"
"","Iuri Tavares","CLT","2024","W","1082","258","64.7%","71.8%","-18.17","-7.04","16.06","0.64","3.2%","28"
"","Giacomo Vrioni","NER","2024","ST","2467","329","68.1%","73.7%","-18.53","-5.63","14.42","-3.06","3.2%","31"
"","Mikael Uhre","PHI","2024","ST","2255","407","62.9%","67.5%","-18.71","-4.60","13.88","-1.16","4.1%","30"
"","Jacob Shaffelburg","NSH","2024","W","1569","448","57.6%","61.9%","-19.24","-4.29","19.34","1.70","4.9%","23"
"","Tyrese Spicer","TOR","2024","FB","1204","414","67.2%","71.8%","-19.31","-4.66","17.92","2.88","5.1%","19"
"","Alexandros Katranis","RSL","2024","FB","2226","1193","75.5%","77.1%","-19.33","-1.62","18.51","1.14","7.4%","29"
"","Luis Suárez","MIA","2024","ST","2165","705","75.0%","77.8%","-19.61","-2.78","15.42","0.44","5.0%","27"
"","Luca Orellano","CIN","2024","FB","2905","1457","75.8%","77.2%","-19.61","-1.35","18.51","0.98","8.9%","33"
"","Alan Pulido","SKC","2024","ST","2182","680","82.1%","85.0%","-19.70","-2.90","15.59","-2.46","4.7%","31"
"","Hernán López","SJE","2024","AM","1983","666","69.4%","72.3%","-19.71","-2.96","22.23","8.46","8.2%","24"
"","Monsef Bakrar","NYC","2024","ST","1550","273","66.7%","74.0%","-19.97","-7.32","11.76","-1.00","3.1%","28"
"","Jacen Russell-Rowe","CLB","2024","ST","1193","309","73.8%","80.3%","-20.14","-6.52","15.48","1.11","2.9%","22"
"","Sam Surridge","NSH","2024","ST","2671","592","69.6%","73.0%","-20.37","-3.44","16.63","0.23","5.3%","28"
"","Paul Rothrock","SEA","2024","W","1476","449","70.2%","74.8%","-20.73","-4.62","17.46","-2.53","4.1%","25"
"","Kellyn Acosta","CHI","2024","CM","2575","1319","80.2%","81.8%","-21.03","-1.59","20.10","2.85","7.3%","34"
"","Dejan Joveljic","LAG","2024","ST","2108","369","71.5%","77.3%","-21.12","-5.72","13.42","-0.84","2.9%","28"
"","Brian White","VAN","2024","ST","2709","512","69.3%","73.6%","-21.85","-4.27","14.28","-1.12","4.4%","30"
"","Felipe Mora","POR","2024","ST","2109","386","72.5%","78.3%","-22.34","-5.79","14.08","-3.18","3.3%","29"
"","Jonathan Sirois","MTL","2024","GK","3340","1261","79.6%","81.4%","-22.43","-1.78","28.12","19.71","6.3%","33"
"","Alex Muyl","NSH","2024","W","2565","891","77.0%","79.6%","-22.91","-2.57","17.79","1.46","6.3%","34"
"","Carlos Coronel","NYRB","2024","GK","2773","890","63.1%","65.7%","-22.99","-2.58","41.57","33.37","6.5%","27"
"","Amahl Pellegrino","SJE","2024","W","1903","440","73.6%","79.4%","-25.50","-5.80","16.29","-1.50","3.5%","32"
"","Antony","POR","2024","W","2141","673","74.6%","78.4%","-25.59","-3.80","15.87","-1.82","5.1%","33"
"","Elias Manoel","NYRB","2024","ST","1771","307","66.1%","74.6%","-26.14","-8.51","15.31","-2.42","2.6%","33"
"","Matt Freese","NYC","2024","GK","3420","1308","79.7%","81.8%","-27.00","-2.06","30.70","20.90","6.5%","34"
"","Petar Musa","FCD","2024","ST","2566","610","68.8%","73.4%","-27.51","-4.51","16.26","2.21","5.3%","30"
"","John McCarthy","LAG","2024","GK","3268","934","70.5%","73.4%","-27.63","-2.96","34.21","26.97","4.5%","32"
"","Cristian Arango","RSL","2024","ST","2571","617","70.2%","74.8%","-28.26","-4.58","17.80","3.10","5.2%","30"
"","Dante Vanzeir","NYRB","2024","ST","2293","456","62.5%","68.9%","-29.32","-6.43","15.63","0.73","4.0%","32"
"","Tim Melia","SKC","2024","GK","2828","871","65.7%","69.1%","-29.76","-3.42","38.77","30.39","5.4%","28"
"","Devin Padelford","MIN","2024","CB","1815","769","69.6%","73.5%","-29.98","-3.90","20.59","6.75","7.4%","24"
"","Jáder Obrian","ATX","2024","W","2459","682","71.5%","76.2%","-31.70","-4.65","14.68","-0.45","5.0%","34"
"","Prince Owusu","TOR","2024","ST","2074","385","71.2%","79.6%","-32.59","-8.47","14.08","-2.30","3.5%","31"
"","Theodore Ku-Dipietro","DCU","2024","W","2075","460","65.9%","73.0%","-32.81","-7.13","14.49","2.15","4.7%","29"
"","Cameron Harper","NYRB","2024","W","1588","451","59.2%","66.9%","-34.57","-7.67","19.86","3.97","4.5%","27"
"","Rafael Navarro","COL","2024","ST","3063","721","72.4%","77.3%","-35.19","-4.88","13.35","0.34","6.3%","34"
"","Dayne St. Clair","MIN","2024","GK","2653","833","56.1%","60.4%","-35.84","-4.30","41.98","35.06","6.4%","26"
"","Hugo Cuypers","CHI","2024","ST","2903","597","69.7%","75.8%","-36.38","-6.09","13.86","-0.32","5.2%","31"
"","Jeong Sang-Bin","MIN","2024","W","2434","748","65.4%","70.5%","-37.98","-5.08","17.11","1.27","5.8%","32"
"","Cucho Hernández","CLB","2024","ST","2369","965","66.1%","71.3%","-50.15","-5.20","20.57","6.42","7.3%","27"